page	event	quadrant	sample_name	position	oscillating_cn_2&3_states	cn_segments	image_path
151	1	Upper_Left	BTCA_donor_A035		77, 2		/Volumes/T7-shield/CS-Bachelor-Thesis/CNN_model/SV_graph.PCAWG/SV_graph.dataset3/page_151_part_1.png
151	2	Upper_Right	BTCA_donor_A035		77, 2		/Volumes/T7-shield/CS-Bachelor-Thesis/CNN_model/SV_graph.PCAWG/SV_graph.dataset3/page_151_part_2.png
151	3	Lower_Left	RK159		84, 3		/Volumes/T7-shield/CS-Bachelor-Thesis/CNN_model/SV_graph.PCAWG/SV_graph.dataset3/page_151_part_3.png
151	4	Lower_Right	RK310		68, 1		/Volumes/T7-shield/CS-Bachelor-Thesis/CNN_model/SV_graph.PCAWG/SV_graph.dataset3/page_151_part_4.png
152	1	Upper_Left	24f21425-b001-4986-aedf-5b4dd851c6ad		64, 3		/Volumes/T7-shield/CS-Bachelor-Thesis/CNN_model/SV_graph.PCAWG/SV_graph.dataset3/page_152_part_1.png
152	2	Upper_Right	419deaac-ea45-4bdd-9fa0-b5cd8429b44f		66, 1		/Volumes/T7-shield/CS-Bachelor-Thesis/CNN_model/SV_graph.PCAWG/SV_graph.dataset3/page_152_part_2.png
152	3	Lower_Left	8c1dd7f7-b74a-4fa2-b6a7-86f0348d2567		84, 2		/Volumes/T7-shield/CS-Bachelor-Thesis/CNN_model/SV_graph.PCAWG/SV_graph.dataset3/page_152_part_3.png
152	4	Lower_Right	CGP_donor_1691134		45, 2		/Volumes/T7-shield/CS-Bachelor-Thesis/CNN_model/SV_graph.PCAWG/SV_graph.dataset3/page_152_part_4.png
153	1	Upper_Left	CGP_donor_1347723		48, 4		/Volumes/T7-shield/CS-Bachelor-Thesis/CNN_model/SV_graph.PCAWG/SV_graph.dataset3/page_153_part_1.png
153	2	Upper_Right	CGP_donor_1397278		42, 2		/Volumes/T7-shield/CS-Bachelor-Thesis/CNN_model/SV_graph.PCAWG/SV_graph.dataset3/page_153_part_2.png
153	3	Lower_Left	CGP_donor_1069291		46, 1		/Volumes/T7-shield/CS-Bachelor-Thesis/CNN_model/SV_graph.PCAWG/SV_graph.dataset3/page_153_part_3.png
153	4	Lower_Right	CGP_donor_1069291		46, 1		/Volumes/T7-shield/CS-Bachelor-Thesis/CNN_model/SV_graph.PCAWG/SV_graph.dataset3/page_153_part_4.png
154	1	Upper_Left	CGP_donor_1347720		37, 1		/Volumes/T7-shield/CS-Bachelor-Thesis/CNN_model/SV_graph.PCAWG/SV_graph.dataset3/page_154_part_1.png
154	2	Upper_Right	CGP_donor_1347720		37, 1		/Volumes/T7-shield/CS-Bachelor-Thesis/CNN_model/SV_graph.PCAWG/SV_graph.dataset3/page_154_part_2.png
154	3	Lower_Left	CGP_donor_1353432		89, 3		/Volumes/T7-shield/CS-Bachelor-Thesis/CNN_model/SV_graph.PCAWG/SV_graph.dataset3/page_154_part_3.png
154	4	Lower_Right	CGP_donor_1363963		18, 2		/Volumes/T7-shield/CS-Bachelor-Thesis/CNN_model/SV_graph.PCAWG/SV_graph.dataset3/page_154_part_4.png
155	1	Upper_Left	CGP_donor_1374619		38, 1		/Volumes/T7-shield/CS-Bachelor-Thesis/CNN_model/SV_graph.PCAWG/SV_graph.dataset3/page_155_part_1.png
155	2	Upper_Right	CGP_donor_1472394		7, 1		/Volumes/T7-shield/CS-Bachelor-Thesis/CNN_model/SV_graph.PCAWG/SV_graph.dataset3/page_155_part_2.png
155	3	Lower_Left	1549dc64-3dab-43fc-96e9-b07d520957e1		79, 1		/Volumes/T7-shield/CS-Bachelor-Thesis/CNN_model/SV_graph.PCAWG/SV_graph.dataset3/page_155_part_3.png
155	4	Lower_Right	174850b4-5ec2-462b-a890-89bd1716b3c2		47, 3		/Volumes/T7-shield/CS-Bachelor-Thesis/CNN_model/SV_graph.PCAWG/SV_graph.dataset3/page_155_part_4.png
156	1	Upper_Left	5ed024e8-d05e-4c65-9441-eda9930ccc82		38, 2		/Volumes/T7-shield/CS-Bachelor-Thesis/CNN_model/SV_graph.PCAWG/SV_graph.dataset3/page_156_part_1.png
156	2	Upper_Right	6956473b-92e5-4069-a26b-b48e280e76f2		56, 1		/Volumes/T7-shield/CS-Bachelor-Thesis/CNN_model/SV_graph.PCAWG/SV_graph.dataset3/page_156_part_2.png
156	3	Lower_Left	75113445-d2d6-44a0-866c-c9175e6d214b		76, 2		/Volumes/T7-shield/CS-Bachelor-Thesis/CNN_model/SV_graph.PCAWG/SV_graph.dataset3/page_156_part_3.png
156	4	Lower_Right	790ff5db-b7f3-4946-aaed-305f66b1dd6a		54, 1		/Volumes/T7-shield/CS-Bachelor-Thesis/CNN_model/SV_graph.PCAWG/SV_graph.dataset3/page_156_part_4.png
157	1	Upper_Left	88db1340-e4bf-451a-87c0-6e9168296f5e		53, 1		/Volumes/T7-shield/CS-Bachelor-Thesis/CNN_model/SV_graph.PCAWG/SV_graph.dataset3/page_157_part_1.png
157	2	Upper_Right	9f6be944-83de-42ab-8738-f0022f475e61		6, 3		/Volumes/T7-shield/CS-Bachelor-Thesis/CNN_model/SV_graph.PCAWG/SV_graph.dataset3/page_157_part_2.png
157	3	Lower_Left	a9b7d7fe-be31-4f71-afee-c1bfdf511888		47, 2		/Volumes/T7-shield/CS-Bachelor-Thesis/CNN_model/SV_graph.PCAWG/SV_graph.dataset3/page_157_part_3.png
157	4	Lower_Right	a9b7d7fe-be31-4f71-afee-c1bfdf511888		47, 2		/Volumes/T7-shield/CS-Bachelor-Thesis/CNN_model/SV_graph.PCAWG/SV_graph.dataset3/page_157_part_4.png
158	1	Upper_Left	d2f2560c-ec80-4fea-9474-c47a2e85ea95		67, 3		/Volumes/T7-shield/CS-Bachelor-Thesis/CNN_model/SV_graph.PCAWG/SV_graph.dataset3/page_158_part_1.png
158	2	Upper_Right	e4fc0909-f284-4471-866d-d8967b6adcbc		49, 2		/Volumes/T7-shield/CS-Bachelor-Thesis/CNN_model/SV_graph.PCAWG/SV_graph.dataset3/page_158_part_2.png
158	3	Lower_Left	f05d314c-5ec5-4e2a-b785-9a702716f111		89, 2		/Volumes/T7-shield/CS-Bachelor-Thesis/CNN_model/SV_graph.PCAWG/SV_graph.dataset3/page_158_part_3.png
158	4	Lower_Right	CGP_donor_1451422		57, 1		/Volumes/T7-shield/CS-Bachelor-Thesis/CNN_model/SV_graph.PCAWG/SV_graph.dataset3/page_158_part_4.png
159	1	Upper_Left	a3be445a-a592-4073-815b-47ae41f9c4a0		77, 3		/Volumes/T7-shield/CS-Bachelor-Thesis/CNN_model/SV_graph.PCAWG/SV_graph.dataset3/page_159_part_1.png
159	2	Upper_Right	941f75a1-fea4-4539-ba69-60bb11608f6d		68, 2		/Volumes/T7-shield/CS-Bachelor-Thesis/CNN_model/SV_graph.PCAWG/SV_graph.dataset3/page_159_part_2.png
159	3	Lower_Left	941f75a1-fea4-4539-ba69-60bb11608f6d		68, 2		/Volumes/T7-shield/CS-Bachelor-Thesis/CNN_model/SV_graph.PCAWG/SV_graph.dataset3/page_159_part_3.png
159	4	Lower_Right	e733f289-a0ec-478c-aad9-1378ad26ddfa		64, 2		/Volumes/T7-shield/CS-Bachelor-Thesis/CNN_model/SV_graph.PCAWG/SV_graph.dataset3/page_159_part_4.png
160	1	Upper_Left	eb59cf69-1997-41b9-bf69-69ad7da292a1		4, 3		/Volumes/T7-shield/CS-Bachelor-Thesis/CNN_model/SV_graph.PCAWG/SV_graph.dataset3/page_160_part_1.png
160	2	Upper_Right	17dffffc-65d6-4209-9075-18a441001f0f		48, 1		/Volumes/T7-shield/CS-Bachelor-Thesis/CNN_model/SV_graph.PCAWG/SV_graph.dataset3/page_160_part_2.png
160	3	Lower_Left	3258cb3b-f63b-463c-b2e4-d638149157c5		81, 2		/Volumes/T7-shield/CS-Bachelor-Thesis/CNN_model/SV_graph.PCAWG/SV_graph.dataset3/page_160_part_3.png
160	4	Lower_Right	6e6962d8-34b8-431c-8220-42b0b92a410b		86, 1		/Volumes/T7-shield/CS-Bachelor-Thesis/CNN_model/SV_graph.PCAWG/SV_graph.dataset3/page_160_part_4.png
161	1	Upper_Left	a515cf2d-e918-4958-9bf6-e611b425a97e		53, 2		/Volumes/T7-shield/CS-Bachelor-Thesis/CNN_model/SV_graph.PCAWG/SV_graph.dataset3/page_161_part_1.png
161	2	Upper_Right	be3a7ef3-34ed-40e1-9d9c-187940596b26		71, 1		/Volumes/T7-shield/CS-Bachelor-Thesis/CNN_model/SV_graph.PCAWG/SV_graph.dataset3/page_161_part_2.png
161	3	Lower_Left	ICGC_MB36		99, 2		/Volumes/T7-shield/CS-Bachelor-Thesis/CNN_model/SV_graph.PCAWG/SV_graph.dataset3/page_161_part_3.png
161	4	Lower_Right	490eabca-4575-4bd6-9604-6b6e23d069ce		72, 4		/Volumes/T7-shield/CS-Bachelor-Thesis/CNN_model/SV_graph.PCAWG/SV_graph.dataset3/page_161_part_4.png
162	1	Upper_Left	bfb07784-693b-4c25-874e-4ad6e04a5d46		58, 2		/Volumes/T7-shield/CS-Bachelor-Thesis/CNN_model/SV_graph.PCAWG/SV_graph.dataset3/page_162_part_1.png
162	2	Upper_Right	c83d38fc-e011-4f75-a100-96513611f3e9		56, 3		/Volumes/T7-shield/CS-Bachelor-Thesis/CNN_model/SV_graph.PCAWG/SV_graph.dataset3/page_162_part_2.png
162	3	Lower_Left	fafd4576-0709-49e1-926f-ad1ee09907ec		88, 3		/Volumes/T7-shield/CS-Bachelor-Thesis/CNN_model/SV_graph.PCAWG/SV_graph.dataset3/page_162_part_3.png
162	4	Lower_Right	0bb786ee-07cf-4853-9b49-ec95cd14e282		66, 3		/Volumes/T7-shield/CS-Bachelor-Thesis/CNN_model/SV_graph.PCAWG/SV_graph.dataset3/page_162_part_4.png
163	1	Upper_Left	8feb0e8f-d09b-437d-8651-0cdecfe776bf		75, 1		/Volumes/T7-shield/CS-Bachelor-Thesis/CNN_model/SV_graph.PCAWG/SV_graph.dataset3/page_163_part_1.png
163	2	Upper_Right	8feb0e8f-d09b-437d-8651-0cdecfe776bf		75, 1		/Volumes/T7-shield/CS-Bachelor-Thesis/CNN_model/SV_graph.PCAWG/SV_graph.dataset3/page_163_part_2.png
163	3	Lower_Left	OCCAMS-AH-071		39, 2		/Volumes/T7-shield/CS-Bachelor-Thesis/CNN_model/SV_graph.PCAWG/SV_graph.dataset3/page_163_part_3.png
163	4	Lower_Right	OCCAMS-AH-131		53, 2		/Volumes/T7-shield/CS-Bachelor-Thesis/CNN_model/SV_graph.PCAWG/SV_graph.dataset3/page_163_part_4.png
164	1	Upper_Left	OCCAMS-AH-135		55, 2		/Volumes/T7-shield/CS-Bachelor-Thesis/CNN_model/SV_graph.PCAWG/SV_graph.dataset3/page_164_part_1.png
164	2	Upper_Right	OCCAMS-AH-135		55, 2		/Volumes/T7-shield/CS-Bachelor-Thesis/CNN_model/SV_graph.PCAWG/SV_graph.dataset3/page_164_part_2.png
164	3	Lower_Left	OCCAMS-AH-143		46, 2		/Volumes/T7-shield/CS-Bachelor-Thesis/CNN_model/SV_graph.PCAWG/SV_graph.dataset3/page_164_part_3.png
164	4	Lower_Right	OCCAMS-AH-213		57, 2		/Volumes/T7-shield/CS-Bachelor-Thesis/CNN_model/SV_graph.PCAWG/SV_graph.dataset3/page_164_part_4.png
165	1	Upper_Left	OCCAMS-WG-005		38, 2		/Volumes/T7-shield/CS-Bachelor-Thesis/CNN_model/SV_graph.PCAWG/SV_graph.dataset3/page_165_part_1.png
165	2	Upper_Right	OCCAMS-WG-008		4, 2		/Volumes/T7-shield/CS-Bachelor-Thesis/CNN_model/SV_graph.PCAWG/SV_graph.dataset3/page_165_part_2.png
165	3	Lower_Left	05fbd98c-28bd-41bc-ae60-16ac0c16c723		39, 3		/Volumes/T7-shield/CS-Bachelor-Thesis/CNN_model/SV_graph.PCAWG/SV_graph.dataset3/page_165_part_3.png
165	4	Lower_Right	05fbd98c-28bd-41bc-ae60-16ac0c16c723		39, 3		/Volumes/T7-shield/CS-Bachelor-Thesis/CNN_model/SV_graph.PCAWG/SV_graph.dataset3/page_165_part_4.png
166	1	Upper_Left	0956bc67-dd55-4c54-a56a-f22f2856662a		75, 1		/Volumes/T7-shield/CS-Bachelor-Thesis/CNN_model/SV_graph.PCAWG/SV_graph.dataset3/page_166_part_1.png
166	2	Upper_Right	ba9d4568-71a8-41fc-a2be-0bf784e36d6a		8, 1		/Volumes/T7-shield/CS-Bachelor-Thesis/CNN_model/SV_graph.PCAWG/SV_graph.dataset3/page_166_part_2.png
166	3	Lower_Left	ba9d4568-71a8-41fc-a2be-0bf784e36d6a		8, 1		/Volumes/T7-shield/CS-Bachelor-Thesis/CNN_model/SV_graph.PCAWG/SV_graph.dataset3/page_166_part_3.png
166	4	Lower_Right	e8ac39e6-377a-412c-b18d-f6c4fc654ec6		46, 3		/Volumes/T7-shield/CS-Bachelor-Thesis/CNN_model/SV_graph.PCAWG/SV_graph.dataset3/page_166_part_4.png
167	1	Upper_Left	OSCC-GB_012501		55, 2		/Volumes/T7-shield/CS-Bachelor-Thesis/CNN_model/SV_graph.PCAWG/SV_graph.dataset3/page_167_part_1.png
167	2	Upper_Right	b08dfba8-6afb-4217-9259-72be6f1f3363		77, 2		/Volumes/T7-shield/CS-Bachelor-Thesis/CNN_model/SV_graph.PCAWG/SV_graph.dataset3/page_167_part_2.png
167	3	Lower_Left	9da334ed-314c-4445-ba29-ffd9bb42403c		71, 1		/Volumes/T7-shield/CS-Bachelor-Thesis/CNN_model/SV_graph.PCAWG/SV_graph.dataset3/page_167_part_3.png
167	4	Lower_Right	71b35cd8-ecee-4599-bb24-b1ef78118423		7, 2		/Volumes/T7-shield/CS-Bachelor-Thesis/CNN_model/SV_graph.PCAWG/SV_graph.dataset3/page_167_part_4.png
168	1	Upper_Left	C0009		41, 1		/Volumes/T7-shield/CS-Bachelor-Thesis/CNN_model/SV_graph.PCAWG/SV_graph.dataset3/page_168_part_1.png
168	2	Upper_Right	C0046		46, 1		/Volumes/T7-shield/CS-Bachelor-Thesis/CNN_model/SV_graph.PCAWG/SV_graph.dataset3/page_168_part_2.png
168	3	Lower_Left	C0075		64, 1		/Volumes/T7-shield/CS-Bachelor-Thesis/CNN_model/SV_graph.PCAWG/SV_graph.dataset3/page_168_part_3.png
168	4	Lower_Right	18c08546-bed3-4ed9-b223-479afe633c8e		8, 3		/Volumes/T7-shield/CS-Bachelor-Thesis/CNN_model/SV_graph.PCAWG/SV_graph.dataset3/page_168_part_4.png
169	1	Upper_Left	4bbdbe77-f3cb-4b64-9826-72debb734784		82, 2		/Volumes/T7-shield/CS-Bachelor-Thesis/CNN_model/SV_graph.PCAWG/SV_graph.dataset3/page_169_part_1.png
169	2	Upper_Right	4bbdbe77-f3cb-4b64-9826-72debb734784		82, 2		/Volumes/T7-shield/CS-Bachelor-Thesis/CNN_model/SV_graph.PCAWG/SV_graph.dataset3/page_169_part_2.png
169	3	Lower_Left	68015cc7-d3a1-4c90-b8fb-5d14143d9960		83, 2		/Volumes/T7-shield/CS-Bachelor-Thesis/CNN_model/SV_graph.PCAWG/SV_graph.dataset3/page_169_part_3.png
169	4	Lower_Right	8afa3140-dcbd-44c0-ab13-4ada6a0444d4		84, 3		/Volumes/T7-shield/CS-Bachelor-Thesis/CNN_model/SV_graph.PCAWG/SV_graph.dataset3/page_169_part_4.png
170	1	Upper_Left	8afa3140-dcbd-44c0-ab13-4ada6a0444d4		84, 3		/Volumes/T7-shield/CS-Bachelor-Thesis/CNN_model/SV_graph.PCAWG/SV_graph.dataset3/page_170_part_1.png
170	2	Upper_Right	8afa3140-dcbd-44c0-ab13-4ada6a0444d4		84, 3		/Volumes/T7-shield/CS-Bachelor-Thesis/CNN_model/SV_graph.PCAWG/SV_graph.dataset3/page_170_part_2.png
170	3	Lower_Left	bd48fa5e-0152-46f0-a4fa-8cf723ff2dcd		57, 2		/Volumes/T7-shield/CS-Bachelor-Thesis/CNN_model/SV_graph.PCAWG/SV_graph.dataset3/page_170_part_3.png
170	4	Lower_Right	bd48fa5e-0152-46f0-a4fa-8cf723ff2dcd		57, 2		/Volumes/T7-shield/CS-Bachelor-Thesis/CNN_model/SV_graph.PCAWG/SV_graph.dataset3/page_170_part_4.png
171	1	Upper_Left	bd48fa5e-0152-46f0-a4fa-8cf723ff2dcd		57, 2		/Volumes/T7-shield/CS-Bachelor-Thesis/CNN_model/SV_graph.PCAWG/SV_graph.dataset3/page_171_part_1.png
171	2	Upper_Right	bd48fa5e-0152-46f0-a4fa-8cf723ff2dcd		57, 2		/Volumes/T7-shield/CS-Bachelor-Thesis/CNN_model/SV_graph.PCAWG/SV_graph.dataset3/page_171_part_2.png
171	3	Lower_Left	bee9d6c8-948f-4b76-97ca-b985064249ef		62, 3		/Volumes/T7-shield/CS-Bachelor-Thesis/CNN_model/SV_graph.PCAWG/SV_graph.dataset3/page_171_part_3.png
171	4	Lower_Right	RK006		7, 11		/Volumes/T7-shield/CS-Bachelor-Thesis/CNN_model/SV_graph.PCAWG/SV_graph.dataset3/page_171_part_4.png
172	1	Upper_Left	RK025		33, 4		/Volumes/T7-shield/CS-Bachelor-Thesis/CNN_model/SV_graph.PCAWG/SV_graph.dataset3/page_172_part_1.png
172	2	Upper_Right	RK036		14, 11		/Volumes/T7-shield/CS-Bachelor-Thesis/CNN_model/SV_graph.PCAWG/SV_graph.dataset3/page_172_part_2.png
172	3	Lower_Left	RK042		88, 1		/Volumes/T7-shield/CS-Bachelor-Thesis/CNN_model/SV_graph.PCAWG/SV_graph.dataset3/page_172_part_3.png
172	4	Lower_Right	RK070		6, 2		/Volumes/T7-shield/CS-Bachelor-Thesis/CNN_model/SV_graph.PCAWG/SV_graph.dataset3/page_172_part_4.png
173	1	Upper_Left	RK072		7, 4		/Volumes/T7-shield/CS-Bachelor-Thesis/CNN_model/SV_graph.PCAWG/SV_graph.dataset3/page_173_part_1.png
173	2	Upper_Right	RK080		77, 3		/Volumes/T7-shield/CS-Bachelor-Thesis/CNN_model/SV_graph.PCAWG/SV_graph.dataset3/page_173_part_2.png
173	3	Lower_Left	RK080		77, 3		/Volumes/T7-shield/CS-Bachelor-Thesis/CNN_model/SV_graph.PCAWG/SV_graph.dataset3/page_173_part_3.png
173	4	Lower_Right	RK087		26, 1		/Volumes/T7-shield/CS-Bachelor-Thesis/CNN_model/SV_graph.PCAWG/SV_graph.dataset3/page_173_part_4.png
174	1	Upper_Left	RK087		26, 1		/Volumes/T7-shield/CS-Bachelor-Thesis/CNN_model/SV_graph.PCAWG/SV_graph.dataset3/page_174_part_1.png
174	2	Upper_Right	RK125		72, 3		/Volumes/T7-shield/CS-Bachelor-Thesis/CNN_model/SV_graph.PCAWG/SV_graph.dataset3/page_174_part_2.png
174	3	Lower_Left	RK148		9, 1		/Volumes/T7-shield/CS-Bachelor-Thesis/CNN_model/SV_graph.PCAWG/SV_graph.dataset3/page_174_part_3.png
174	4	Lower_Right	RK148		9, 1		/Volumes/T7-shield/CS-Bachelor-Thesis/CNN_model/SV_graph.PCAWG/SV_graph.dataset3/page_174_part_4.png
175	1	Upper_Left	RK207		38, 3		/Volumes/T7-shield/CS-Bachelor-Thesis/CNN_model/SV_graph.PCAWG/SV_graph.dataset3/page_175_part_1.png
175	2	Upper_Right	RK216		84, 3		/Volumes/T7-shield/CS-Bachelor-Thesis/CNN_model/SV_graph.PCAWG/SV_graph.dataset3/page_175_part_2.png
175	3	Lower_Left	RK234		76, 1		/Volumes/T7-shield/CS-Bachelor-Thesis/CNN_model/SV_graph.PCAWG/SV_graph.dataset3/page_175_part_3.png
175	4	Lower_Right	RK244		86, 2		/Volumes/T7-shield/CS-Bachelor-Thesis/CNN_model/SV_graph.PCAWG/SV_graph.dataset3/page_175_part_4.png
176	1	Upper_Left	RK245		47, 2		/Volumes/T7-shield/CS-Bachelor-Thesis/CNN_model/SV_graph.PCAWG/SV_graph.dataset3/page_176_part_1.png
176	2	Upper_Right	RK258		17, 3		/Volumes/T7-shield/CS-Bachelor-Thesis/CNN_model/SV_graph.PCAWG/SV_graph.dataset3/page_176_part_2.png
176	3	Lower_Left	RK261		7, 40		/Volumes/T7-shield/CS-Bachelor-Thesis/CNN_model/SV_graph.PCAWG/SV_graph.dataset3/page_176_part_3.png
176	4	Lower_Right	RK261		11, 13		/Volumes/T7-shield/CS-Bachelor-Thesis/CNN_model/SV_graph.PCAWG/SV_graph.dataset3/page_176_part_4.png
177	1	Upper_Left	RK283		25, 2		/Volumes/T7-shield/CS-Bachelor-Thesis/CNN_model/SV_graph.PCAWG/SV_graph.dataset3/page_177_part_1.png
177	2	Upper_Right	RK289		15, 34		/Volumes/T7-shield/CS-Bachelor-Thesis/CNN_model/SV_graph.PCAWG/SV_graph.dataset3/page_177_part_2.png
177	3	Lower_Left	RK304		25, 2		/Volumes/T7-shield/CS-Bachelor-Thesis/CNN_model/SV_graph.PCAWG/SV_graph.dataset3/page_177_part_3.png
177	4	Lower_Right	RK304		25, 2		/Volumes/T7-shield/CS-Bachelor-Thesis/CNN_model/SV_graph.PCAWG/SV_graph.dataset3/page_177_part_4.png
178	1	Upper_Left	RK337		38, 2		/Volumes/T7-shield/CS-Bachelor-Thesis/CNN_model/SV_graph.PCAWG/SV_graph.dataset3/page_178_part_1.png
178	2	Upper_Right	RK337		38, 2		/Volumes/T7-shield/CS-Bachelor-Thesis/CNN_model/SV_graph.PCAWG/SV_graph.dataset3/page_178_part_2.png
178	3	Lower_Left	RK337		38, 2		/Volumes/T7-shield/CS-Bachelor-Thesis/CNN_model/SV_graph.PCAWG/SV_graph.dataset3/page_178_part_3.png
178	4	Lower_Right	21fb46f9-4bbb-441c-af19-a687e9138344		49, 3		/Volumes/T7-shield/CS-Bachelor-Thesis/CNN_model/SV_graph.PCAWG/SV_graph.dataset3/page_178_part_4.png
179	1	Upper_Left	31c96e35-5e2f-429c-b12a-7bc5a497a300		49, 4		/Volumes/T7-shield/CS-Bachelor-Thesis/CNN_model/SV_graph.PCAWG/SV_graph.dataset3/page_179_part_1.png
179	2	Upper_Right	a8d6694c-a213-4544-ac0b-63bce16d8f4e		62, 2		/Volumes/T7-shield/CS-Bachelor-Thesis/CNN_model/SV_graph.PCAWG/SV_graph.dataset3/page_179_part_2.png
179	3	Lower_Left	c4d1e105-28b7-48df-abef-fbe09782fdb2		82, 3		/Volumes/T7-shield/CS-Bachelor-Thesis/CNN_model/SV_graph.PCAWG/SV_graph.dataset3/page_179_part_3.png
179	4	Lower_Right	d2824e6d-3784-45c2-9b0f-52b17356b5da		38, 3		/Volumes/T7-shield/CS-Bachelor-Thesis/CNN_model/SV_graph.PCAWG/SV_graph.dataset3/page_179_part_4.png
180	1	Upper_Left	d2824e6d-3784-45c2-9b0f-52b17356b5da		38, 3		/Volumes/T7-shield/CS-Bachelor-Thesis/CNN_model/SV_graph.PCAWG/SV_graph.dataset3/page_180_part_1.png
180	2	Upper_Right	d2824e6d-3784-45c2-9b0f-52b17356b5da		38, 3		/Volumes/T7-shield/CS-Bachelor-Thesis/CNN_model/SV_graph.PCAWG/SV_graph.dataset3/page_180_part_2.png
180	3	Lower_Left	81b7cbc1-c037-426f-95b0-d729a30697da		56, 1		/Volumes/T7-shield/CS-Bachelor-Thesis/CNN_model/SV_graph.PCAWG/SV_graph.dataset3/page_180_part_3.png
180	4	Lower_Right	9293e197-e38a-4e19-a7d0-1b45d1ad48bd		53, 3		/Volumes/T7-shield/CS-Bachelor-Thesis/CNN_model/SV_graph.PCAWG/SV_graph.dataset3/page_180_part_4.png
181	1	Upper_Left	9a874b64-d0d6-416e-97bc-e9071ed0b16b		48, 2		/Volumes/T7-shield/CS-Bachelor-Thesis/CNN_model/SV_graph.PCAWG/SV_graph.dataset3/page_181_part_1.png
181	2	Upper_Right	a3e1ac67-a1f2-44fb-8343-a7e8239fc24a		48, 1		/Volumes/T7-shield/CS-Bachelor-Thesis/CNN_model/SV_graph.PCAWG/SV_graph.dataset3/page_181_part_2.png
181	3	Lower_Left	bd15f523-45c4-4d7c-a3cc-4fb56abb0e54		75, 3		/Volumes/T7-shield/CS-Bachelor-Thesis/CNN_model/SV_graph.PCAWG/SV_graph.dataset3/page_181_part_3.png
181	4	Lower_Right	e6b72c24-1607-43b9-8b8a-7bf83eea5895		53, 3		/Volumes/T7-shield/CS-Bachelor-Thesis/CNN_model/SV_graph.PCAWG/SV_graph.dataset3/page_181_part_4.png
182	1	Upper_Left	4105746		71, 2		/Volumes/T7-shield/CS-Bachelor-Thesis/CNN_model/SV_graph.PCAWG/SV_graph.dataset3/page_182_part_1.png
182	2	Upper_Right	4111326		71, 1		/Volumes/T7-shield/CS-Bachelor-Thesis/CNN_model/SV_graph.PCAWG/SV_graph.dataset3/page_182_part_2.png
182	3	Lower_Left	4134005		78, 1		/Volumes/T7-shield/CS-Bachelor-Thesis/CNN_model/SV_graph.PCAWG/SV_graph.dataset3/page_182_part_3.png
182	4	Lower_Right	4135099		79, 1		/Volumes/T7-shield/CS-Bachelor-Thesis/CNN_model/SV_graph.PCAWG/SV_graph.dataset3/page_182_part_4.png
183	1	Upper_Left	4135099		79, 1		/Volumes/T7-shield/CS-Bachelor-Thesis/CNN_model/SV_graph.PCAWG/SV_graph.dataset3/page_183_part_1.png
183	2	Upper_Right	4135099		79, 1		/Volumes/T7-shield/CS-Bachelor-Thesis/CNN_model/SV_graph.PCAWG/SV_graph.dataset3/page_183_part_2.png
183	3	Lower_Left	4138527		72, 2		/Volumes/T7-shield/CS-Bachelor-Thesis/CNN_model/SV_graph.PCAWG/SV_graph.dataset3/page_183_part_3.png
183	4	Lower_Right	4163639		6, 2		/Volumes/T7-shield/CS-Bachelor-Thesis/CNN_model/SV_graph.PCAWG/SV_graph.dataset3/page_183_part_4.png
184	1	Upper_Left	4176133		76, 1		/Volumes/T7-shield/CS-Bachelor-Thesis/CNN_model/SV_graph.PCAWG/SV_graph.dataset3/page_184_part_1.png
184	2	Upper_Right	4196670		63, 2		/Volumes/T7-shield/CS-Bachelor-Thesis/CNN_model/SV_graph.PCAWG/SV_graph.dataset3/page_184_part_2.png
184	3	Lower_Left	177		8, 1		/Volumes/T7-shield/CS-Bachelor-Thesis/CNN_model/SV_graph.PCAWG/SV_graph.dataset3/page_184_part_3.png
184	4	Lower_Right	SNU_WGS_06		99, 1		/Volumes/T7-shield/CS-Bachelor-Thesis/CNN_model/SV_graph.PCAWG/SV_graph.dataset3/page_184_part_4.png
185	1	Upper_Left	SNU_WGS_12		82, 2		/Volumes/T7-shield/CS-Bachelor-Thesis/CNN_model/SV_graph.PCAWG/SV_graph.dataset3/page_185_part_1.png
185	2	Upper_Right	AOCS-060		68, 2		/Volumes/T7-shield/CS-Bachelor-Thesis/CNN_model/SV_graph.PCAWG/SV_graph.dataset3/page_185_part_2.png
185	3	Lower_Left	AOCS-065		7, 1		/Volumes/T7-shield/CS-Bachelor-Thesis/CNN_model/SV_graph.PCAWG/SV_graph.dataset3/page_185_part_3.png
185	4	Lower_Right	AOCS-086		52, 1		/Volumes/T7-shield/CS-Bachelor-Thesis/CNN_model/SV_graph.PCAWG/SV_graph.dataset3/page_185_part_4.png
186	1	Upper_Left	AOCS-088		61, 1		/Volumes/T7-shield/CS-Bachelor-Thesis/CNN_model/SV_graph.PCAWG/SV_graph.dataset3/page_186_part_1.png
186	2	Upper_Right	AOCS-091		74, 3		/Volumes/T7-shield/CS-Bachelor-Thesis/CNN_model/SV_graph.PCAWG/SV_graph.dataset3/page_186_part_2.png
186	3	Lower_Left	AOCS-120		84, 2		/Volumes/T7-shield/CS-Bachelor-Thesis/CNN_model/SV_graph.PCAWG/SV_graph.dataset3/page_186_part_3.png
186	4	Lower_Right	AOCS-120		84, 2		/Volumes/T7-shield/CS-Bachelor-Thesis/CNN_model/SV_graph.PCAWG/SV_graph.dataset3/page_186_part_4.png
187	1	Upper_Left	AOCS-128		37, 3		/Volumes/T7-shield/CS-Bachelor-Thesis/CNN_model/SV_graph.PCAWG/SV_graph.dataset3/page_187_part_1.png
187	2	Upper_Right	AOCS-128		37, 3		/Volumes/T7-shield/CS-Bachelor-Thesis/CNN_model/SV_graph.PCAWG/SV_graph.dataset3/page_187_part_2.png
187	3	Lower_Left	AOCS-138		65, 1		/Volumes/T7-shield/CS-Bachelor-Thesis/CNN_model/SV_graph.PCAWG/SV_graph.dataset3/page_187_part_3.png
187	4	Lower_Right	AOCS-158		94, 1		/Volumes/T7-shield/CS-Bachelor-Thesis/CNN_model/SV_graph.PCAWG/SV_graph.dataset3/page_187_part_4.png
188	1	Upper_Left	AOCS-167		81, 1		/Volumes/T7-shield/CS-Bachelor-Thesis/CNN_model/SV_graph.PCAWG/SV_graph.dataset3/page_188_part_1.png
188	2	Upper_Right	AOCS-171		76, 1		/Volumes/T7-shield/CS-Bachelor-Thesis/CNN_model/SV_graph.PCAWG/SV_graph.dataset3/page_188_part_2.png
188	3	Lower_Left	AOCS-171		76, 1		/Volumes/T7-shield/CS-Bachelor-Thesis/CNN_model/SV_graph.PCAWG/SV_graph.dataset3/page_188_part_3.png
188	4	Lower_Right	098acb76-0bf5-44e5-bcae-f919cf5fa5e5		82, 3		/Volumes/T7-shield/CS-Bachelor-Thesis/CNN_model/SV_graph.PCAWG/SV_graph.dataset3/page_188_part_4.png
189	1	Upper_Left	206ce0ed-36a4-47ab-ac8e-f6fca6ac5c18		75, 2		/Volumes/T7-shield/CS-Bachelor-Thesis/CNN_model/SV_graph.PCAWG/SV_graph.dataset3/page_189_part_1.png
189	2	Upper_Right	2b14123b-8fcd-402c-9399-4e7c47f20252		77, 3		/Volumes/T7-shield/CS-Bachelor-Thesis/CNN_model/SV_graph.PCAWG/SV_graph.dataset3/page_189_part_2.png
189	3	Lower_Left	4eac2c98-86d2-4ee6-a1d3-157d013c78dc		92, 1		/Volumes/T7-shield/CS-Bachelor-Thesis/CNN_model/SV_graph.PCAWG/SV_graph.dataset3/page_189_part_3.png
189	4	Lower_Right	6d10d4ee-6331-4bba-93bc-a7b64cc0b22a		87, 1		/Volumes/T7-shield/CS-Bachelor-Thesis/CNN_model/SV_graph.PCAWG/SV_graph.dataset3/page_189_part_4.png
190	1	Upper_Left	a5030259-cf9c-4a58-8710-b9da8ee59320		89, 1		/Volumes/T7-shield/CS-Bachelor-Thesis/CNN_model/SV_graph.PCAWG/SV_graph.dataset3/page_190_part_1.png
190	2	Upper_Right	c8febeef-8e7e-459e-88cb-8086692dc559		9, 1		/Volumes/T7-shield/CS-Bachelor-Thesis/CNN_model/SV_graph.PCAWG/SV_graph.dataset3/page_190_part_2.png
190	3	Lower_Left	f5033d52-ec36-4e67-88d8-b6d898b81b2f		87, 1		/Volumes/T7-shield/CS-Bachelor-Thesis/CNN_model/SV_graph.PCAWG/SV_graph.dataset3/page_190_part_3.png
190	4	Lower_Right	ff530f28-0ec0-4494-bb54-44bb055bae1c		7, 3		/Volumes/T7-shield/CS-Bachelor-Thesis/CNN_model/SV_graph.PCAWG/SV_graph.dataset3/page_190_part_4.png
191	1	Upper_Left	ICGC_0006		41, 3		/Volumes/T7-shield/CS-Bachelor-Thesis/CNN_model/SV_graph.PCAWG/SV_graph.dataset3/page_191_part_1.png
191	2	Upper_Right	ICGC_0124		36, 2		/Volumes/T7-shield/CS-Bachelor-Thesis/CNN_model/SV_graph.PCAWG/SV_graph.dataset3/page_191_part_2.png
191	3	Lower_Left	ICGC_0140		85, 1		/Volumes/T7-shield/CS-Bachelor-Thesis/CNN_model/SV_graph.PCAWG/SV_graph.dataset3/page_191_part_3.png
191	4	Lower_Right	ICGC_0201		43, 3		/Volumes/T7-shield/CS-Bachelor-Thesis/CNN_model/SV_graph.PCAWG/SV_graph.dataset3/page_191_part_4.png
192	1	Upper_Left	ICGC_0227		37, 3		/Volumes/T7-shield/CS-Bachelor-Thesis/CNN_model/SV_graph.PCAWG/SV_graph.dataset3/page_192_part_1.png
192	2	Upper_Right	ICGC_0543		53, 1		/Volumes/T7-shield/CS-Bachelor-Thesis/CNN_model/SV_graph.PCAWG/SV_graph.dataset3/page_192_part_2.png
192	3	Lower_Left	PCSI_0078		7, 2		/Volumes/T7-shield/CS-Bachelor-Thesis/CNN_model/SV_graph.PCAWG/SV_graph.dataset3/page_192_part_3.png
192	4	Lower_Right	PCSI_0109		42, 1		/Volumes/T7-shield/CS-Bachelor-Thesis/CNN_model/SV_graph.PCAWG/SV_graph.dataset3/page_192_part_4.png
193	1	Upper_Left	PCSI_0161		63, 2		/Volumes/T7-shield/CS-Bachelor-Thesis/CNN_model/SV_graph.PCAWG/SV_graph.dataset3/page_193_part_1.png
193	2	Upper_Right	PCSI_0161		63, 2		/Volumes/T7-shield/CS-Bachelor-Thesis/CNN_model/SV_graph.PCAWG/SV_graph.dataset3/page_193_part_2.png
193	3	Lower_Left	PCSI_0218		64, 1		/Volumes/T7-shield/CS-Bachelor-Thesis/CNN_model/SV_graph.PCAWG/SV_graph.dataset3/page_193_part_3.png
193	4	Lower_Right	PCSI_0285		56, 3		/Volumes/T7-shield/CS-Bachelor-Thesis/CNN_model/SV_graph.PCAWG/SV_graph.dataset3/page_193_part_4.png
194	1	Upper_Left	PCSI_0334		78, 1		/Volumes/T7-shield/CS-Bachelor-Thesis/CNN_model/SV_graph.PCAWG/SV_graph.dataset3/page_194_part_1.png
194	2	Upper_Right	PCSI_0456		8, 3		/Volumes/T7-shield/CS-Bachelor-Thesis/CNN_model/SV_graph.PCAWG/SV_graph.dataset3/page_194_part_2.png
194	3	Lower_Left	PCSI_0457		74, 1		/Volumes/T7-shield/CS-Bachelor-Thesis/CNN_model/SV_graph.PCAWG/SV_graph.dataset3/page_194_part_3.png
194	4	Lower_Right	PCSI_0468		79, 3		/Volumes/T7-shield/CS-Bachelor-Thesis/CNN_model/SV_graph.PCAWG/SV_graph.dataset3/page_194_part_4.png
195	1	Upper_Left	PCSI_0492		65, 2		/Volumes/T7-shield/CS-Bachelor-Thesis/CNN_model/SV_graph.PCAWG/SV_graph.dataset3/page_195_part_1.png
195	2	Upper_Right	PCSI_0504		75, 1		/Volumes/T7-shield/CS-Bachelor-Thesis/CNN_model/SV_graph.PCAWG/SV_graph.dataset3/page_195_part_2.png
195	3	Lower_Left	PCSI_0504		75, 1		/Volumes/T7-shield/CS-Bachelor-Thesis/CNN_model/SV_graph.PCAWG/SV_graph.dataset3/page_195_part_3.png
195	4	Lower_Right	PCSI_0528		52, 3		/Volumes/T7-shield/CS-Bachelor-Thesis/CNN_model/SV_graph.PCAWG/SV_graph.dataset3/page_195_part_4.png
196	1	Upper_Left	ITNET-0100		95, 1		/Volumes/T7-shield/CS-Bachelor-Thesis/CNN_model/SV_graph.PCAWG/SV_graph.dataset3/page_196_part_1.png
196	2	Upper_Right	EOPC-01		53, 1		/Volumes/T7-shield/CS-Bachelor-Thesis/CNN_model/SV_graph.PCAWG/SV_graph.dataset3/page_196_part_2.png
196	3	Lower_Left	EOPC-01		53, 1		/Volumes/T7-shield/CS-Bachelor-Thesis/CNN_model/SV_graph.PCAWG/SV_graph.dataset3/page_196_part_3.png
196	4	Lower_Right	EOPC-04		58, 1		/Volumes/T7-shield/CS-Bachelor-Thesis/CNN_model/SV_graph.PCAWG/SV_graph.dataset3/page_196_part_4.png
197	1	Upper_Left	EOPC-04		58, 1		/Volumes/T7-shield/CS-Bachelor-Thesis/CNN_model/SV_graph.PCAWG/SV_graph.dataset3/page_197_part_1.png
197	2	Upper_Right	EOPC-09		39, 1		/Volumes/T7-shield/CS-Bachelor-Thesis/CNN_model/SV_graph.PCAWG/SV_graph.dataset3/page_197_part_2.png
197	3	Lower_Left	CPCG0046		66, 1		/Volumes/T7-shield/CS-Bachelor-Thesis/CNN_model/SV_graph.PCAWG/SV_graph.dataset3/page_197_part_3.png
197	4	Lower_Right	CPCG0046		66, 1		/Volumes/T7-shield/CS-Bachelor-Thesis/CNN_model/SV_graph.PCAWG/SV_graph.dataset3/page_197_part_4.png
198	1	Upper_Left	CPCG0057		56, 1		/Volumes/T7-shield/CS-Bachelor-Thesis/CNN_model/SV_graph.PCAWG/SV_graph.dataset3/page_198_part_1.png
198	2	Upper_Right	CPCG0057		56, 1		/Volumes/T7-shield/CS-Bachelor-Thesis/CNN_model/SV_graph.PCAWG/SV_graph.dataset3/page_198_part_2.png
198	3	Lower_Left	CPCG0057		56, 1		/Volumes/T7-shield/CS-Bachelor-Thesis/CNN_model/SV_graph.PCAWG/SV_graph.dataset3/page_198_part_3.png
198	4	Lower_Right	CPCG0057		56, 1		/Volumes/T7-shield/CS-Bachelor-Thesis/CNN_model/SV_graph.PCAWG/SV_graph.dataset3/page_198_part_4.png
199	1	Upper_Left	CPCG0094		46, 1		/Volumes/T7-shield/CS-Bachelor-Thesis/CNN_model/SV_graph.PCAWG/SV_graph.dataset3/page_199_part_1.png
199	2	Upper_Right	CPCG0102		24, 1		/Volumes/T7-shield/CS-Bachelor-Thesis/CNN_model/SV_graph.PCAWG/SV_graph.dataset3/page_199_part_2.png
199	3	Lower_Left	CPCG0121		36, 1		/Volumes/T7-shield/CS-Bachelor-Thesis/CNN_model/SV_graph.PCAWG/SV_graph.dataset3/page_199_part_3.png
199	4	Lower_Right	CPCG0121		36, 1		/Volumes/T7-shield/CS-Bachelor-Thesis/CNN_model/SV_graph.PCAWG/SV_graph.dataset3/page_199_part_4.png
200	1	Upper_Left	CPCG0213		49, 1		/Volumes/T7-shield/CS-Bachelor-Thesis/CNN_model/SV_graph.PCAWG/SV_graph.dataset3/page_200_part_1.png
200	2	Upper_Right	CPCG0213		49, 1		/Volumes/T7-shield/CS-Bachelor-Thesis/CNN_model/SV_graph.PCAWG/SV_graph.dataset3/page_200_part_2.png
200	3	Lower_Left	CPCG0213		49, 1		/Volumes/T7-shield/CS-Bachelor-Thesis/CNN_model/SV_graph.PCAWG/SV_graph.dataset3/page_200_part_3.png
200	4	Lower_Right	CPCG0234		97, 1		/Volumes/T7-shield/CS-Bachelor-Thesis/CNN_model/SV_graph.PCAWG/SV_graph.dataset3/page_200_part_4.png
201	1	Upper_Left	CPCG0250		26, 1		/Volumes/T7-shield/CS-Bachelor-Thesis/CNN_model/SV_graph.PCAWG/SV_graph.dataset3/page_201_part_1.png
201	2	Upper_Right	CPCG0250		26, 1		/Volumes/T7-shield/CS-Bachelor-Thesis/CNN_model/SV_graph.PCAWG/SV_graph.dataset3/page_201_part_2.png
201	3	Lower_Left	CPCG0250		26, 1		/Volumes/T7-shield/CS-Bachelor-Thesis/CNN_model/SV_graph.PCAWG/SV_graph.dataset3/page_201_part_3.png
201	4	Lower_Right	CPCG0250		26, 1		/Volumes/T7-shield/CS-Bachelor-Thesis/CNN_model/SV_graph.PCAWG/SV_graph.dataset3/page_201_part_4.png
202	1	Upper_Left	CPCG0266		51, 1		/Volumes/T7-shield/CS-Bachelor-Thesis/CNN_model/SV_graph.PCAWG/SV_graph.dataset3/page_202_part_1.png
202	2	Upper_Right	CPCG0266		51, 1		/Volumes/T7-shield/CS-Bachelor-Thesis/CNN_model/SV_graph.PCAWG/SV_graph.dataset3/page_202_part_2.png
202	3	Lower_Left	CPCG0266		51, 1		/Volumes/T7-shield/CS-Bachelor-Thesis/CNN_model/SV_graph.PCAWG/SV_graph.dataset3/page_202_part_3.png
202	4	Lower_Right	CPCG0266		51, 1		/Volumes/T7-shield/CS-Bachelor-Thesis/CNN_model/SV_graph.PCAWG/SV_graph.dataset3/page_202_part_4.png
203	1	Upper_Left	CPCG0339		97, 1		/Volumes/T7-shield/CS-Bachelor-Thesis/CNN_model/SV_graph.PCAWG/SV_graph.dataset3/page_203_part_1.png
203	2	Upper_Right	CPCG0341		55, 1		/Volumes/T7-shield/CS-Bachelor-Thesis/CNN_model/SV_graph.PCAWG/SV_graph.dataset3/page_203_part_2.png
203	3	Lower_Left	CPCG0345		49, 2		/Volumes/T7-shield/CS-Bachelor-Thesis/CNN_model/SV_graph.PCAWG/SV_graph.dataset3/page_203_part_3.png
203	4	Lower_Right	CPCG0345		49, 2		/Volumes/T7-shield/CS-Bachelor-Thesis/CNN_model/SV_graph.PCAWG/SV_graph.dataset3/page_203_part_4.png
204	1	Upper_Left	CPCG0371		55, 1		/Volumes/T7-shield/CS-Bachelor-Thesis/CNN_model/SV_graph.PCAWG/SV_graph.dataset3/page_204_part_1.png
204	2	Upper_Right	CPCG0371		55, 1		/Volumes/T7-shield/CS-Bachelor-Thesis/CNN_model/SV_graph.PCAWG/SV_graph.dataset3/page_204_part_2.png
204	3	Lower_Left	0078_CRUK_PC_0078		28, 1		/Volumes/T7-shield/CS-Bachelor-Thesis/CNN_model/SV_graph.PCAWG/SV_graph.dataset3/page_204_part_3.png
204	4	Lower_Right	A10-0015_CRUK_PC_0015		28, 45		/Volumes/T7-shield/CS-Bachelor-Thesis/CNN_model/SV_graph.PCAWG/SV_graph.dataset3/page_204_part_4.png
