page	event	quadrant	sample_name	position	oscillating_cn_2&3_states	cn_segments	image_path	Chr	Start	End	source	composite_key
187	2	Upper_Right	1404791b-86bf-4dfd-85b4-c8ff356f109c	11:33008500−79611121	6, 10	89.0	/Volumes/T7-shield/CS-Bachelor-Thesis/CNN_model/SV_graph.PCAWG/SV_graph.low_confidence/page_187_part_2.png	11	33008500	79611121	LC	1404791b-86bf-4dfd-85b4-c8ff356f109c_11_33008500_79611121
245	2	Upper_Right	1404791b-86bf-4dfd-85b4-c8ff356f109c	11:33008500−79611121	11, 29	53.0	/Volumes/T7-shield/CS-Bachelor-Thesis/CNN_model/test-picture/page_245_part_2.png	11	33008500	79611121	HC	1404791b-86bf-4dfd-85b4-c8ff356f109c_11_33008500_79611121
256	2	Upper_Right	257dc623-41e1-4fa3-859c-c787db10bd60	4:18377040−178289697	7, 13	56.0	/Volumes/T7-shield/CS-Bachelor-Thesis/CNN_model/test-picture/page_256_part_2.png	4	18377040	178289697	HC	257dc623-41e1-4fa3-859c-c787db10bd60_4_18377040_178289697
257	2	Upper_Right	257dc623-41e1-4fa3-859c-c787db10bd60	4:18377040−178289697	7, 9	15.0	/Volumes/T7-shield/CS-Bachelor-Thesis/CNN_model/test-picture/page_257_part_2.png	4	18377040	178289697	HC	257dc623-41e1-4fa3-859c-c787db10bd60_4_18377040_178289697
261	2	Upper_Right	2905cbd1-719b-46d9-b8af-8fe4927bc473	11:12674170−130091311	7, 7	138.0	/Volumes/T7-shield/CS-Bachelor-Thesis/CNN_model/test-picture/page_261_part_2.png	11	12674170	130091311	HC	2905cbd1-719b-46d9-b8af-8fe4927bc473_11_12674170_130091311
193	4	Lower_Right	2905cbd1-719b-46d9-b8af-8fe4927bc473	11:12674170−130091311	5, 8	145.0	/Volumes/T7-shield/CS-Bachelor-Thesis/CNN_model/SV_graph.PCAWG/SV_graph.low_confidence/page_193_part_4.png	11	12674170	130091311	LC	2905cbd1-719b-46d9-b8af-8fe4927bc473_11_12674170_130091311
193	3	Lower_Left	2905cbd1-719b-46d9-b8af-8fe4927bc473	1:145389851−238867162	5, 7	73.0	/Volumes/T7-shield/CS-Bachelor-Thesis/CNN_model/SV_graph.PCAWG/SV_graph.low_confidence/page_193_part_3.png	1	145389851	238867162	LC	2905cbd1-719b-46d9-b8af-8fe4927bc473_1_145389851_238867162
193	2	Upper_Right	2905cbd1-719b-46d9-b8af-8fe4927bc473	1:145389851−238867162	5, 8	250.0	/Volumes/T7-shield/CS-Bachelor-Thesis/CNN_model/SV_graph.PCAWG/SV_graph.low_confidence/page_193_part_2.png	1	145389851	238867162	LC	2905cbd1-719b-46d9-b8af-8fe4927bc473_1_145389851_238867162
193	1	Upper_Left	2905cbd1-719b-46d9-b8af-8fe4927bc473	1:145389851−238867162	4, 5	42.0	/Volumes/T7-shield/CS-Bachelor-Thesis/CNN_model/SV_graph.PCAWG/SV_graph.low_confidence/page_193_part_1.png	1	145389851	238867162	LC	2905cbd1-719b-46d9-b8af-8fe4927bc473_1_145389851_238867162
192	3	Lower_Left	2905cbd1-719b-46d9-b8af-8fe4927bc473	1:145389851−238867162	6, 12	82.0	/Volumes/T7-shield/CS-Bachelor-Thesis/CNN_model/SV_graph.PCAWG/SV_graph.low_confidence/page_192_part_3.png	1	145389851	238867162	LC	2905cbd1-719b-46d9-b8af-8fe4927bc473_1_145389851_238867162
192	4	Lower_Right	2905cbd1-719b-46d9-b8af-8fe4927bc473	1:145389851−238867162	5, 15	189.0	/Volumes/T7-shield/CS-Bachelor-Thesis/CNN_model/SV_graph.PCAWG/SV_graph.low_confidence/page_192_part_4.png	1	145389851	238867162	LC	2905cbd1-719b-46d9-b8af-8fe4927bc473_1_145389851_238867162
262	1	Upper_Left	2905cbd1-719b-46d9-b8af-8fe4927bc473	1:145389851−238867162	7, 9	292.0	/Volumes/T7-shield/CS-Bachelor-Thesis/CNN_model/test-picture/page_262_part_1.png	1	145389851	238867162	HC	2905cbd1-719b-46d9-b8af-8fe4927bc473_1_145389851_238867162
128	2	Upper_Right	4147081	5:149829718−164575330	6, 11	11.0	/Volumes/T7-shield/CS-Bachelor-Thesis/CNN_model/SV_graph.PCAWG/SV_graph.low_confidence/page_128_part_2.png	5	149829718	164575330	LC	4147081_5_149829718_164575330
139	2	Upper_Right	4147081	5:149829718−164575330	12, 12	12.0	/Volumes/T7-shield/CS-Bachelor-Thesis/CNN_model/test-picture/page_139_part_2.png	5	149829718	164575330	HC	4147081_5_149829718_164575330
50	1	Upper_Left	733a2a0f-b37a-4b81-b49e-3c0f30d1eb37	1:145117775−243098982	5, 7	47.0	/Volumes/T7-shield/CS-Bachelor-Thesis/CNN_model/SV_graph.PCAWG/SV_graph.low_confidence/page_50_part_1.png	1	145117775	243098982	LC	733a2a0f-b37a-4b81-b49e-3c0f30d1eb37_1_145117775_243098982
56	2	Upper_Right	733a2a0f-b37a-4b81-b49e-3c0f30d1eb37	1:145117775−243098982	36, 36	58.0	/Volumes/T7-shield/CS-Bachelor-Thesis/CNN_model/test-picture/page_56_part_2.png	1	145117775	243098982	HC	733a2a0f-b37a-4b81-b49e-3c0f30d1eb37_1_145117775_243098982
197	2	Upper_Right	73d2e8ef-4e10-416a-845b-f48374e48ecb	12:57518989−72095051	6, 11	51.0	/Volumes/T7-shield/CS-Bachelor-Thesis/CNN_model/SV_graph.PCAWG/SV_graph.low_confidence/page_197_part_2.png	12	57518989	72095051	LC	73d2e8ef-4e10-416a-845b-f48374e48ecb_12_57518989_72095051
267	2	Upper_Right	73d2e8ef-4e10-416a-845b-f48374e48ecb	12:57518989−72095051	9, 20	158.0	/Volumes/T7-shield/CS-Bachelor-Thesis/CNN_model/test-picture/page_267_part_2.png	12	57518989	72095051	HC	73d2e8ef-4e10-416a-845b-f48374e48ecb_12_57518989_72095051
272	1	Upper_Left	854e42bc-95b2-4b77-a4b2-ffbd6c28b281	12:27498321−130397264	11, 12	98.0	/Volumes/T7-shield/CS-Bachelor-Thesis/CNN_model/test-picture/page_272_part_1.png	12	27498321	130397264	HC	854e42bc-95b2-4b77-a4b2-ffbd6c28b281_12_27498321_130397264
271	2	Upper_Right	854e42bc-95b2-4b77-a4b2-ffbd6c28b281	12:27498321−130397264	12, 28	63.0	/Volumes/T7-shield/CS-Bachelor-Thesis/CNN_model/test-picture/page_271_part_2.png	12	27498321	130397264	HC	854e42bc-95b2-4b77-a4b2-ffbd6c28b281_12_27498321_130397264
133	1	Upper_Left	AOCS-142	1:14110378−72283224	4, 11	17.0	/Volumes/T7-shield/CS-Bachelor-Thesis/CNN_model/SV_graph.PCAWG/SV_graph.low_confidence/page_133_part_1.png	1	14110378	72283224	LC	AOCS-142_1_14110378_72283224
133	2	Upper_Right	AOCS-142	1:14110378−72283224	4, 5	96.0	/Volumes/T7-shield/CS-Bachelor-Thesis/CNN_model/SV_graph.PCAWG/SV_graph.low_confidence/page_133_part_2.png	1	14110378	72283224	LC	AOCS-142_1_14110378_72283224
27	1	Upper_Left	CGP_donor_1230755	1:16076342−181848575	7, 7	7.0	/Volumes/T7-shield/CS-Bachelor-Thesis/CNN_model/test-picture/page_27_part_1.png	1	16076342	181848575	HC	CGP_donor_1230755_1_16076342_181848575
27	2	Upper_Right	CGP_donor_1230755	1:16076342−181848575	7, 12	12.0	/Volumes/T7-shield/CS-Bachelor-Thesis/CNN_model/test-picture/page_27_part_2.png	1	16076342	181848575	HC	CGP_donor_1230755_1_16076342_181848575
37	1	Upper_Left	CGP_donor_1374617	3:160434199−161100668	10, 22	44.0	/Volumes/T7-shield/CS-Bachelor-Thesis/CNN_model/test-picture/page_37_part_1.png	3	160434199	161100668	HC	CGP_donor_1374617_3_160434199_161100668
37	2	Upper_Right	CGP_donor_1374617	3:160434199−161100668	11, 23	23.0	/Volumes/T7-shield/CS-Bachelor-Thesis/CNN_model/test-picture/page_37_part_2.png	3	160434199	161100668	HC	CGP_donor_1374617_3_160434199_161100668
8	1	Upper_Left	CGP_donor_1437411	1:51871319−244912138	37, 37	37.0	/Volumes/T7-shield/CS-Bachelor-Thesis/CNN_model/test-picture/page_8_part_1.png	1	51871319	244912138	HC	CGP_donor_1437411_1_51871319_244912138
8	2	Upper_Right	CGP_donor_1437411	1:51871319−244912138	37, 37	37.0	/Volumes/T7-shield/CS-Bachelor-Thesis/CNN_model/test-picture/page_8_part_2.png	1	51871319	244912138	HC	CGP_donor_1437411_1_51871319_244912138
17	1	Upper_Left	CGP_donor_1528364	2:98265301−240710955	8, 15	274.0	/Volumes/T7-shield/CS-Bachelor-Thesis/CNN_model/test-picture/page_17_part_1.png	2	98265301	240710955	HC	CGP_donor_1528364_2_98265301_240710955
12	2	Upper_Right	CGP_donor_1528364	2:98265301−240710955	6, 8	64.0	/Volumes/T7-shield/CS-Bachelor-Thesis/CNN_model/SV_graph.PCAWG/SV_graph.low_confidence/page_12_part_2.png	2	98265301	240710955	LC	CGP_donor_1528364_2_98265301_240710955
15	2	Upper_Right	CGP_donor_1691213	12:38831735−119704558	6, 6	53.0	/Volumes/T7-shield/CS-Bachelor-Thesis/CNN_model/SV_graph.PCAWG/SV_graph.low_confidence/page_15_part_2.png	12	38831735	119704558	LC	CGP_donor_1691213_12_38831735_119704558
25	2	Upper_Right	CGP_donor_1691213	12:38831735−119704558	9, 13	25.0	/Volumes/T7-shield/CS-Bachelor-Thesis/CNN_model/test-picture/page_25_part_2.png	12	38831735	119704558	HC	CGP_donor_1691213_12_38831735_119704558
210	2	Upper_Right	CPCG0366	6:167735883−169038472	7, 8	44.0	/Volumes/T7-shield/CS-Bachelor-Thesis/CNN_model/test-picture/page_210_part_2.png	6	167735883	169038472	HC	CPCG0366_6_167735883_169038472
210	1	Upper_Left	CPCG0366	6:167735883−169038472	7, 7	7.0	/Volumes/T7-shield/CS-Bachelor-Thesis/CNN_model/test-picture/page_210_part_1.png	6	167735883	169038472	HC	CPCG0366_6_167735883_169038472
275	1	Upper_Left	cd73a55f-03c1-4da0-9fa7-1ae4a263664e	12:39672405−132182028	7, 21	115.0	/Volumes/T7-shield/CS-Bachelor-Thesis/CNN_model/test-picture/page_275_part_1.png	12	39672405	132182028	HC	cd73a55f-03c1-4da0-9fa7-1ae4a263664e_12_39672405_132182028
275	2	Upper_Right	cd73a55f-03c1-4da0-9fa7-1ae4a263664e	12:39672405−132182028	7, 18	49.0	/Volumes/T7-shield/CS-Bachelor-Thesis/CNN_model/test-picture/page_275_part_2.png	12	39672405	132182028	HC	cd73a55f-03c1-4da0-9fa7-1ae4a263664e_12_39672405_132182028
277	1	Upper_Left	e7a72f7e-77b1-4d95-8f37-39a6cffc35dc	3:94442780−174075989	8, 8	103.0	/Volumes/T7-shield/CS-Bachelor-Thesis/CNN_model/test-picture/page_277_part_1.png	3	94442780	174075989	HC	e7a72f7e-77b1-4d95-8f37-39a6cffc35dc_3_94442780_174075989
277	2	Upper_Right	e7a72f7e-77b1-4d95-8f37-39a6cffc35dc	3:94442780−174075989	4, 8	174.0	/Volumes/T7-shield/CS-Bachelor-Thesis/CNN_model/test-picture/page_277_part_2.png	3	94442780	174075989	HC	e7a72f7e-77b1-4d95-8f37-39a6cffc35dc_3_94442780_174075989
260	2	Upper_Right	ea3a524b-6ee3-4904-8924-29fcaa20985c	2:9263222−242771261	7, 14	14.0	/Volumes/T7-shield/CS-Bachelor-Thesis/CNN_model/test-picture/page_260_part_2.png	2	9263222	242771261	HC	ea3a524b-6ee3-4904-8924-29fcaa20985c_2_9263222_242771261
261	1	Upper_Left	ea3a524b-6ee3-4904-8924-29fcaa20985c	2:9263222−242771261	14, 23	61.0	/Volumes/T7-shield/CS-Bachelor-Thesis/CNN_model/test-picture/page_261_part_1.png	2	9263222	242771261	HC	ea3a524b-6ee3-4904-8924-29fcaa20985c_2_9263222_242771261
64	1	Upper_Left	eadf8482-e60e-4307-adb7-d5c3b9fa6cae	13:37775397−48509222	8, 11	107.0	/Volumes/T7-shield/CS-Bachelor-Thesis/CNN_model/test-picture/page_64_part_1.png	13	37775397	48509222	HC	eadf8482-e60e-4307-adb7-d5c3b9fa6cae_13_37775397_48509222
64	2	Upper_Right	eadf8482-e60e-4307-adb7-d5c3b9fa6cae	13:37775397−48509222	8, 8	91.0	/Volumes/T7-shield/CS-Bachelor-Thesis/CNN_model/test-picture/page_64_part_2.png	13	37775397	48509222	HC	eadf8482-e60e-4307-adb7-d5c3b9fa6cae_13_37775397_48509222
68	2	Upper_Right	ef4cbd38-bc79-4d60-a715-647edd2ebe9e	8:42881572−135695929	7, 8	21.0	/Volumes/T7-shield/CS-Bachelor-Thesis/CNN_model/test-picture/page_68_part_2.png	8	42881572	135695929	HC	ef4cbd38-bc79-4d60-a715-647edd2ebe9e_8_42881572_135695929
65	1	Upper_Left	ef4cbd38-bc79-4d60-a715-647edd2ebe9e	8:42881572−135695929	5, 8	45.0	/Volumes/T7-shield/CS-Bachelor-Thesis/CNN_model/SV_graph.PCAWG/SV_graph.low_confidence/page_65_part_1.png	8	42881572	135695929	LC	ef4cbd38-bc79-4d60-a715-647edd2ebe9e_8_42881572_135695929
62	1	Upper_Left	f6e1ec78-5ad9-4879-9b7e-262d17b166ad	3:20060433−168725244	4, 5	77.0	/Volumes/T7-shield/CS-Bachelor-Thesis/CNN_model/SV_graph.PCAWG/SV_graph.low_confidence/page_62_part_1.png	3	20060433	168725244	LC	f6e1ec78-5ad9-4879-9b7e-262d17b166ad_3_20060433_168725244
62	2	Upper_Right	f6e1ec78-5ad9-4879-9b7e-262d17b166ad	3:20060433−168725244	4, 5	81.0	/Volumes/T7-shield/CS-Bachelor-Thesis/CNN_model/SV_graph.PCAWG/SV_graph.low_confidence/page_62_part_2.png	3	20060433	168725244	LC	f6e1ec78-5ad9-4879-9b7e-262d17b166ad_3_20060433_168725244
