page	event	image_path
10	1	/Volumes/T7-shield/CS-Bachelor-Thesis/CNN_model/SV_graph.PCAWG/SV_graph.dataset4/page_10_part_1.png
10	2	/Volumes/T7-shield/CS-Bachelor-Thesis/CNN_model/SV_graph.PCAWG/SV_graph.dataset4/page_10_part_2.png
10	3	/Volumes/T7-shield/CS-Bachelor-Thesis/CNN_model/SV_graph.PCAWG/SV_graph.dataset4/page_10_part_3.png
10	4	/Volumes/T7-shield/CS-Bachelor-Thesis/CNN_model/SV_graph.PCAWG/SV_graph.dataset4/page_10_part_4.png
11	1	/Volumes/T7-shield/CS-Bachelor-Thesis/CNN_model/SV_graph.PCAWG/SV_graph.dataset4/page_11_part_1.png
11	2	/Volumes/T7-shield/CS-Bachelor-Thesis/CNN_model/SV_graph.PCAWG/SV_graph.dataset4/page_11_part_2.png
11	3	/Volumes/T7-shield/CS-Bachelor-Thesis/CNN_model/SV_graph.PCAWG/SV_graph.dataset4/page_11_part_3.png
11	4	/Volumes/T7-shield/CS-Bachelor-Thesis/CNN_model/SV_graph.PCAWG/SV_graph.dataset4/page_11_part_4.png
12	1	/Volumes/T7-shield/CS-Bachelor-Thesis/CNN_model/SV_graph.PCAWG/SV_graph.dataset4/page_12_part_1.png
12	2	/Volumes/T7-shield/CS-Bachelor-Thesis/CNN_model/SV_graph.PCAWG/SV_graph.dataset4/page_12_part_2.png
12	3	/Volumes/T7-shield/CS-Bachelor-Thesis/CNN_model/SV_graph.PCAWG/SV_graph.dataset4/page_12_part_3.png
12	4	/Volumes/T7-shield/CS-Bachelor-Thesis/CNN_model/SV_graph.PCAWG/SV_graph.dataset4/page_12_part_4.png
13	1	/Volumes/T7-shield/CS-Bachelor-Thesis/CNN_model/SV_graph.PCAWG/SV_graph.dataset4/page_13_part_1.png
13	2	/Volumes/T7-shield/CS-Bachelor-Thesis/CNN_model/SV_graph.PCAWG/SV_graph.dataset4/page_13_part_2.png
13	3	/Volumes/T7-shield/CS-Bachelor-Thesis/CNN_model/SV_graph.PCAWG/SV_graph.dataset4/page_13_part_3.png
13	4	/Volumes/T7-shield/CS-Bachelor-Thesis/CNN_model/SV_graph.PCAWG/SV_graph.dataset4/page_13_part_4.png
14	1	/Volumes/T7-shield/CS-Bachelor-Thesis/CNN_model/SV_graph.PCAWG/SV_graph.dataset4/page_14_part_1.png
14	2	/Volumes/T7-shield/CS-Bachelor-Thesis/CNN_model/SV_graph.PCAWG/SV_graph.dataset4/page_14_part_2.png
14	3	/Volumes/T7-shield/CS-Bachelor-Thesis/CNN_model/SV_graph.PCAWG/SV_graph.dataset4/page_14_part_3.png
14	4	/Volumes/T7-shield/CS-Bachelor-Thesis/CNN_model/SV_graph.PCAWG/SV_graph.dataset4/page_14_part_4.png
15	1	/Volumes/T7-shield/CS-Bachelor-Thesis/CNN_model/SV_graph.PCAWG/SV_graph.dataset4/page_15_part_1.png
15	2	/Volumes/T7-shield/CS-Bachelor-Thesis/CNN_model/SV_graph.PCAWG/SV_graph.dataset4/page_15_part_2.png
15	3	/Volumes/T7-shield/CS-Bachelor-Thesis/CNN_model/SV_graph.PCAWG/SV_graph.dataset4/page_15_part_3.png
15	4	/Volumes/T7-shield/CS-Bachelor-Thesis/CNN_model/SV_graph.PCAWG/SV_graph.dataset4/page_15_part_4.png
16	1	/Volumes/T7-shield/CS-Bachelor-Thesis/CNN_model/SV_graph.PCAWG/SV_graph.dataset4/page_16_part_1.png
16	2	/Volumes/T7-shield/CS-Bachelor-Thesis/CNN_model/SV_graph.PCAWG/SV_graph.dataset4/page_16_part_2.png
16	3	/Volumes/T7-shield/CS-Bachelor-Thesis/CNN_model/SV_graph.PCAWG/SV_graph.dataset4/page_16_part_3.png
16	4	/Volumes/T7-shield/CS-Bachelor-Thesis/CNN_model/SV_graph.PCAWG/SV_graph.dataset4/page_16_part_4.png
17	1	/Volumes/T7-shield/CS-Bachelor-Thesis/CNN_model/SV_graph.PCAWG/SV_graph.dataset4/page_17_part_1.png
17	2	/Volumes/T7-shield/CS-Bachelor-Thesis/CNN_model/SV_graph.PCAWG/SV_graph.dataset4/page_17_part_2.png
17	3	/Volumes/T7-shield/CS-Bachelor-Thesis/CNN_model/SV_graph.PCAWG/SV_graph.dataset4/page_17_part_3.png
17	4	/Volumes/T7-shield/CS-Bachelor-Thesis/CNN_model/SV_graph.PCAWG/SV_graph.dataset4/page_17_part_4.png
18	1	/Volumes/T7-shield/CS-Bachelor-Thesis/CNN_model/SV_graph.PCAWG/SV_graph.dataset4/page_18_part_1.png
18	2	/Volumes/T7-shield/CS-Bachelor-Thesis/CNN_model/SV_graph.PCAWG/SV_graph.dataset4/page_18_part_2.png
18	3	/Volumes/T7-shield/CS-Bachelor-Thesis/CNN_model/SV_graph.PCAWG/SV_graph.dataset4/page_18_part_3.png
18	4	/Volumes/T7-shield/CS-Bachelor-Thesis/CNN_model/SV_graph.PCAWG/SV_graph.dataset4/page_18_part_4.png
19	1	/Volumes/T7-shield/CS-Bachelor-Thesis/CNN_model/SV_graph.PCAWG/SV_graph.dataset4/page_19_part_1.png
19	2	/Volumes/T7-shield/CS-Bachelor-Thesis/CNN_model/SV_graph.PCAWG/SV_graph.dataset4/page_19_part_2.png
19	3	/Volumes/T7-shield/CS-Bachelor-Thesis/CNN_model/SV_graph.PCAWG/SV_graph.dataset4/page_19_part_3.png
19	4	/Volumes/T7-shield/CS-Bachelor-Thesis/CNN_model/SV_graph.PCAWG/SV_graph.dataset4/page_19_part_4.png
1	1	/Volumes/T7-shield/CS-Bachelor-Thesis/CNN_model/SV_graph.PCAWG/SV_graph.dataset4/page_1_part_1.png
1	2	/Volumes/T7-shield/CS-Bachelor-Thesis/CNN_model/SV_graph.PCAWG/SV_graph.dataset4/page_1_part_2.png
1	3	/Volumes/T7-shield/CS-Bachelor-Thesis/CNN_model/SV_graph.PCAWG/SV_graph.dataset4/page_1_part_3.png
1	4	/Volumes/T7-shield/CS-Bachelor-Thesis/CNN_model/SV_graph.PCAWG/SV_graph.dataset4/page_1_part_4.png
20	1	/Volumes/T7-shield/CS-Bachelor-Thesis/CNN_model/SV_graph.PCAWG/SV_graph.dataset4/page_20_part_1.png
20	2	/Volumes/T7-shield/CS-Bachelor-Thesis/CNN_model/SV_graph.PCAWG/SV_graph.dataset4/page_20_part_2.png
20	3	/Volumes/T7-shield/CS-Bachelor-Thesis/CNN_model/SV_graph.PCAWG/SV_graph.dataset4/page_20_part_3.png
20	4	/Volumes/T7-shield/CS-Bachelor-Thesis/CNN_model/SV_graph.PCAWG/SV_graph.dataset4/page_20_part_4.png
21	1	/Volumes/T7-shield/CS-Bachelor-Thesis/CNN_model/SV_graph.PCAWG/SV_graph.dataset4/page_21_part_1.png
21	2	/Volumes/T7-shield/CS-Bachelor-Thesis/CNN_model/SV_graph.PCAWG/SV_graph.dataset4/page_21_part_2.png
21	3	/Volumes/T7-shield/CS-Bachelor-Thesis/CNN_model/SV_graph.PCAWG/SV_graph.dataset4/page_21_part_3.png
21	4	/Volumes/T7-shield/CS-Bachelor-Thesis/CNN_model/SV_graph.PCAWG/SV_graph.dataset4/page_21_part_4.png
22	1	/Volumes/T7-shield/CS-Bachelor-Thesis/CNN_model/SV_graph.PCAWG/SV_graph.dataset4/page_22_part_1.png
22	2	/Volumes/T7-shield/CS-Bachelor-Thesis/CNN_model/SV_graph.PCAWG/SV_graph.dataset4/page_22_part_2.png
22	3	/Volumes/T7-shield/CS-Bachelor-Thesis/CNN_model/SV_graph.PCAWG/SV_graph.dataset4/page_22_part_3.png
22	4	/Volumes/T7-shield/CS-Bachelor-Thesis/CNN_model/SV_graph.PCAWG/SV_graph.dataset4/page_22_part_4.png
23	1	/Volumes/T7-shield/CS-Bachelor-Thesis/CNN_model/SV_graph.PCAWG/SV_graph.dataset4/page_23_part_1.png
23	2	/Volumes/T7-shield/CS-Bachelor-Thesis/CNN_model/SV_graph.PCAWG/SV_graph.dataset4/page_23_part_2.png
23	3	/Volumes/T7-shield/CS-Bachelor-Thesis/CNN_model/SV_graph.PCAWG/SV_graph.dataset4/page_23_part_3.png
23	4	/Volumes/T7-shield/CS-Bachelor-Thesis/CNN_model/SV_graph.PCAWG/SV_graph.dataset4/page_23_part_4.png
24	1	/Volumes/T7-shield/CS-Bachelor-Thesis/CNN_model/SV_graph.PCAWG/SV_graph.dataset4/page_24_part_1.png
24	2	/Volumes/T7-shield/CS-Bachelor-Thesis/CNN_model/SV_graph.PCAWG/SV_graph.dataset4/page_24_part_2.png
24	3	/Volumes/T7-shield/CS-Bachelor-Thesis/CNN_model/SV_graph.PCAWG/SV_graph.dataset4/page_24_part_3.png
24	4	/Volumes/T7-shield/CS-Bachelor-Thesis/CNN_model/SV_graph.PCAWG/SV_graph.dataset4/page_24_part_4.png
25	1	/Volumes/T7-shield/CS-Bachelor-Thesis/CNN_model/SV_graph.PCAWG/SV_graph.dataset4/page_25_part_1.png
25	2	/Volumes/T7-shield/CS-Bachelor-Thesis/CNN_model/SV_graph.PCAWG/SV_graph.dataset4/page_25_part_2.png
25	3	/Volumes/T7-shield/CS-Bachelor-Thesis/CNN_model/SV_graph.PCAWG/SV_graph.dataset4/page_25_part_3.png
25	4	/Volumes/T7-shield/CS-Bachelor-Thesis/CNN_model/SV_graph.PCAWG/SV_graph.dataset4/page_25_part_4.png
26	1	/Volumes/T7-shield/CS-Bachelor-Thesis/CNN_model/SV_graph.PCAWG/SV_graph.dataset4/page_26_part_1.png
26	2	/Volumes/T7-shield/CS-Bachelor-Thesis/CNN_model/SV_graph.PCAWG/SV_graph.dataset4/page_26_part_2.png
26	3	/Volumes/T7-shield/CS-Bachelor-Thesis/CNN_model/SV_graph.PCAWG/SV_graph.dataset4/page_26_part_3.png
26	4	/Volumes/T7-shield/CS-Bachelor-Thesis/CNN_model/SV_graph.PCAWG/SV_graph.dataset4/page_26_part_4.png
27	1	/Volumes/T7-shield/CS-Bachelor-Thesis/CNN_model/SV_graph.PCAWG/SV_graph.dataset4/page_27_part_1.png
27	2	/Volumes/T7-shield/CS-Bachelor-Thesis/CNN_model/SV_graph.PCAWG/SV_graph.dataset4/page_27_part_2.png
27	3	/Volumes/T7-shield/CS-Bachelor-Thesis/CNN_model/SV_graph.PCAWG/SV_graph.dataset4/page_27_part_3.png
27	4	/Volumes/T7-shield/CS-Bachelor-Thesis/CNN_model/SV_graph.PCAWG/SV_graph.dataset4/page_27_part_4.png
28	1	/Volumes/T7-shield/CS-Bachelor-Thesis/CNN_model/SV_graph.PCAWG/SV_graph.dataset4/page_28_part_1.png
28	2	/Volumes/T7-shield/CS-Bachelor-Thesis/CNN_model/SV_graph.PCAWG/SV_graph.dataset4/page_28_part_2.png
28	3	/Volumes/T7-shield/CS-Bachelor-Thesis/CNN_model/SV_graph.PCAWG/SV_graph.dataset4/page_28_part_3.png
28	4	/Volumes/T7-shield/CS-Bachelor-Thesis/CNN_model/SV_graph.PCAWG/SV_graph.dataset4/page_28_part_4.png
29	1	/Volumes/T7-shield/CS-Bachelor-Thesis/CNN_model/SV_graph.PCAWG/SV_graph.dataset4/page_29_part_1.png
29	2	/Volumes/T7-shield/CS-Bachelor-Thesis/CNN_model/SV_graph.PCAWG/SV_graph.dataset4/page_29_part_2.png
29	3	/Volumes/T7-shield/CS-Bachelor-Thesis/CNN_model/SV_graph.PCAWG/SV_graph.dataset4/page_29_part_3.png
29	4	/Volumes/T7-shield/CS-Bachelor-Thesis/CNN_model/SV_graph.PCAWG/SV_graph.dataset4/page_29_part_4.png
2	1	/Volumes/T7-shield/CS-Bachelor-Thesis/CNN_model/SV_graph.PCAWG/SV_graph.dataset4/page_2_part_1.png
2	2	/Volumes/T7-shield/CS-Bachelor-Thesis/CNN_model/SV_graph.PCAWG/SV_graph.dataset4/page_2_part_2.png
2	3	/Volumes/T7-shield/CS-Bachelor-Thesis/CNN_model/SV_graph.PCAWG/SV_graph.dataset4/page_2_part_3.png
2	4	/Volumes/T7-shield/CS-Bachelor-Thesis/CNN_model/SV_graph.PCAWG/SV_graph.dataset4/page_2_part_4.png
30	1	/Volumes/T7-shield/CS-Bachelor-Thesis/CNN_model/SV_graph.PCAWG/SV_graph.dataset4/page_30_part_1.png
30	2	/Volumes/T7-shield/CS-Bachelor-Thesis/CNN_model/SV_graph.PCAWG/SV_graph.dataset4/page_30_part_2.png
30	3	/Volumes/T7-shield/CS-Bachelor-Thesis/CNN_model/SV_graph.PCAWG/SV_graph.dataset4/page_30_part_3.png
30	4	/Volumes/T7-shield/CS-Bachelor-Thesis/CNN_model/SV_graph.PCAWG/SV_graph.dataset4/page_30_part_4.png
31	1	/Volumes/T7-shield/CS-Bachelor-Thesis/CNN_model/SV_graph.PCAWG/SV_graph.dataset4/page_31_part_1.png
31	2	/Volumes/T7-shield/CS-Bachelor-Thesis/CNN_model/SV_graph.PCAWG/SV_graph.dataset4/page_31_part_2.png
31	3	/Volumes/T7-shield/CS-Bachelor-Thesis/CNN_model/SV_graph.PCAWG/SV_graph.dataset4/page_31_part_3.png
31	4	/Volumes/T7-shield/CS-Bachelor-Thesis/CNN_model/SV_graph.PCAWG/SV_graph.dataset4/page_31_part_4.png
32	1	/Volumes/T7-shield/CS-Bachelor-Thesis/CNN_model/SV_graph.PCAWG/SV_graph.dataset4/page_32_part_1.png
32	2	/Volumes/T7-shield/CS-Bachelor-Thesis/CNN_model/SV_graph.PCAWG/SV_graph.dataset4/page_32_part_2.png
32	3	/Volumes/T7-shield/CS-Bachelor-Thesis/CNN_model/SV_graph.PCAWG/SV_graph.dataset4/page_32_part_3.png
32	4	/Volumes/T7-shield/CS-Bachelor-Thesis/CNN_model/SV_graph.PCAWG/SV_graph.dataset4/page_32_part_4.png
33	1	/Volumes/T7-shield/CS-Bachelor-Thesis/CNN_model/SV_graph.PCAWG/SV_graph.dataset4/page_33_part_1.png
33	2	/Volumes/T7-shield/CS-Bachelor-Thesis/CNN_model/SV_graph.PCAWG/SV_graph.dataset4/page_33_part_2.png
33	3	/Volumes/T7-shield/CS-Bachelor-Thesis/CNN_model/SV_graph.PCAWG/SV_graph.dataset4/page_33_part_3.png
33	4	/Volumes/T7-shield/CS-Bachelor-Thesis/CNN_model/SV_graph.PCAWG/SV_graph.dataset4/page_33_part_4.png
34	1	/Volumes/T7-shield/CS-Bachelor-Thesis/CNN_model/SV_graph.PCAWG/SV_graph.dataset4/page_34_part_1.png
34	2	/Volumes/T7-shield/CS-Bachelor-Thesis/CNN_model/SV_graph.PCAWG/SV_graph.dataset4/page_34_part_2.png
34	3	/Volumes/T7-shield/CS-Bachelor-Thesis/CNN_model/SV_graph.PCAWG/SV_graph.dataset4/page_34_part_3.png
34	4	/Volumes/T7-shield/CS-Bachelor-Thesis/CNN_model/SV_graph.PCAWG/SV_graph.dataset4/page_34_part_4.png
35	1	/Volumes/T7-shield/CS-Bachelor-Thesis/CNN_model/SV_graph.PCAWG/SV_graph.dataset4/page_35_part_1.png
35	2	/Volumes/T7-shield/CS-Bachelor-Thesis/CNN_model/SV_graph.PCAWG/SV_graph.dataset4/page_35_part_2.png
35	3	/Volumes/T7-shield/CS-Bachelor-Thesis/CNN_model/SV_graph.PCAWG/SV_graph.dataset4/page_35_part_3.png
35	4	/Volumes/T7-shield/CS-Bachelor-Thesis/CNN_model/SV_graph.PCAWG/SV_graph.dataset4/page_35_part_4.png
36	1	/Volumes/T7-shield/CS-Bachelor-Thesis/CNN_model/SV_graph.PCAWG/SV_graph.dataset4/page_36_part_1.png
36	2	/Volumes/T7-shield/CS-Bachelor-Thesis/CNN_model/SV_graph.PCAWG/SV_graph.dataset4/page_36_part_2.png
36	3	/Volumes/T7-shield/CS-Bachelor-Thesis/CNN_model/SV_graph.PCAWG/SV_graph.dataset4/page_36_part_3.png
36	4	/Volumes/T7-shield/CS-Bachelor-Thesis/CNN_model/SV_graph.PCAWG/SV_graph.dataset4/page_36_part_4.png
37	1	/Volumes/T7-shield/CS-Bachelor-Thesis/CNN_model/SV_graph.PCAWG/SV_graph.dataset4/page_37_part_1.png
37	2	/Volumes/T7-shield/CS-Bachelor-Thesis/CNN_model/SV_graph.PCAWG/SV_graph.dataset4/page_37_part_2.png
37	3	/Volumes/T7-shield/CS-Bachelor-Thesis/CNN_model/SV_graph.PCAWG/SV_graph.dataset4/page_37_part_3.png
37	4	/Volumes/T7-shield/CS-Bachelor-Thesis/CNN_model/SV_graph.PCAWG/SV_graph.dataset4/page_37_part_4.png
38	1	/Volumes/T7-shield/CS-Bachelor-Thesis/CNN_model/SV_graph.PCAWG/SV_graph.dataset4/page_38_part_1.png
38	2	/Volumes/T7-shield/CS-Bachelor-Thesis/CNN_model/SV_graph.PCAWG/SV_graph.dataset4/page_38_part_2.png
38	3	/Volumes/T7-shield/CS-Bachelor-Thesis/CNN_model/SV_graph.PCAWG/SV_graph.dataset4/page_38_part_3.png
38	4	/Volumes/T7-shield/CS-Bachelor-Thesis/CNN_model/SV_graph.PCAWG/SV_graph.dataset4/page_38_part_4.png
39	1	/Volumes/T7-shield/CS-Bachelor-Thesis/CNN_model/SV_graph.PCAWG/SV_graph.dataset4/page_39_part_1.png
39	2	/Volumes/T7-shield/CS-Bachelor-Thesis/CNN_model/SV_graph.PCAWG/SV_graph.dataset4/page_39_part_2.png
39	3	/Volumes/T7-shield/CS-Bachelor-Thesis/CNN_model/SV_graph.PCAWG/SV_graph.dataset4/page_39_part_3.png
39	4	/Volumes/T7-shield/CS-Bachelor-Thesis/CNN_model/SV_graph.PCAWG/SV_graph.dataset4/page_39_part_4.png
3	1	/Volumes/T7-shield/CS-Bachelor-Thesis/CNN_model/SV_graph.PCAWG/SV_graph.dataset4/page_3_part_1.png
3	2	/Volumes/T7-shield/CS-Bachelor-Thesis/CNN_model/SV_graph.PCAWG/SV_graph.dataset4/page_3_part_2.png
3	3	/Volumes/T7-shield/CS-Bachelor-Thesis/CNN_model/SV_graph.PCAWG/SV_graph.dataset4/page_3_part_3.png
3	4	/Volumes/T7-shield/CS-Bachelor-Thesis/CNN_model/SV_graph.PCAWG/SV_graph.dataset4/page_3_part_4.png
40	1	/Volumes/T7-shield/CS-Bachelor-Thesis/CNN_model/SV_graph.PCAWG/SV_graph.dataset4/page_40_part_1.png
40	2	/Volumes/T7-shield/CS-Bachelor-Thesis/CNN_model/SV_graph.PCAWG/SV_graph.dataset4/page_40_part_2.png
40	3	/Volumes/T7-shield/CS-Bachelor-Thesis/CNN_model/SV_graph.PCAWG/SV_graph.dataset4/page_40_part_3.png
40	4	/Volumes/T7-shield/CS-Bachelor-Thesis/CNN_model/SV_graph.PCAWG/SV_graph.dataset4/page_40_part_4.png
41	1	/Volumes/T7-shield/CS-Bachelor-Thesis/CNN_model/SV_graph.PCAWG/SV_graph.dataset4/page_41_part_1.png
41	2	/Volumes/T7-shield/CS-Bachelor-Thesis/CNN_model/SV_graph.PCAWG/SV_graph.dataset4/page_41_part_2.png
41	3	/Volumes/T7-shield/CS-Bachelor-Thesis/CNN_model/SV_graph.PCAWG/SV_graph.dataset4/page_41_part_3.png
41	4	/Volumes/T7-shield/CS-Bachelor-Thesis/CNN_model/SV_graph.PCAWG/SV_graph.dataset4/page_41_part_4.png
42	1	/Volumes/T7-shield/CS-Bachelor-Thesis/CNN_model/SV_graph.PCAWG/SV_graph.dataset4/page_42_part_1.png
42	2	/Volumes/T7-shield/CS-Bachelor-Thesis/CNN_model/SV_graph.PCAWG/SV_graph.dataset4/page_42_part_2.png
42	3	/Volumes/T7-shield/CS-Bachelor-Thesis/CNN_model/SV_graph.PCAWG/SV_graph.dataset4/page_42_part_3.png
42	4	/Volumes/T7-shield/CS-Bachelor-Thesis/CNN_model/SV_graph.PCAWG/SV_graph.dataset4/page_42_part_4.png
43	1	/Volumes/T7-shield/CS-Bachelor-Thesis/CNN_model/SV_graph.PCAWG/SV_graph.dataset4/page_43_part_1.png
43	2	/Volumes/T7-shield/CS-Bachelor-Thesis/CNN_model/SV_graph.PCAWG/SV_graph.dataset4/page_43_part_2.png
43	3	/Volumes/T7-shield/CS-Bachelor-Thesis/CNN_model/SV_graph.PCAWG/SV_graph.dataset4/page_43_part_3.png
43	4	/Volumes/T7-shield/CS-Bachelor-Thesis/CNN_model/SV_graph.PCAWG/SV_graph.dataset4/page_43_part_4.png
44	1	/Volumes/T7-shield/CS-Bachelor-Thesis/CNN_model/SV_graph.PCAWG/SV_graph.dataset4/page_44_part_1.png
44	2	/Volumes/T7-shield/CS-Bachelor-Thesis/CNN_model/SV_graph.PCAWG/SV_graph.dataset4/page_44_part_2.png
44	3	/Volumes/T7-shield/CS-Bachelor-Thesis/CNN_model/SV_graph.PCAWG/SV_graph.dataset4/page_44_part_3.png
44	4	/Volumes/T7-shield/CS-Bachelor-Thesis/CNN_model/SV_graph.PCAWG/SV_graph.dataset4/page_44_part_4.png
45	1	/Volumes/T7-shield/CS-Bachelor-Thesis/CNN_model/SV_graph.PCAWG/SV_graph.dataset4/page_45_part_1.png
45	2	/Volumes/T7-shield/CS-Bachelor-Thesis/CNN_model/SV_graph.PCAWG/SV_graph.dataset4/page_45_part_2.png
45	3	/Volumes/T7-shield/CS-Bachelor-Thesis/CNN_model/SV_graph.PCAWG/SV_graph.dataset4/page_45_part_3.png
45	4	/Volumes/T7-shield/CS-Bachelor-Thesis/CNN_model/SV_graph.PCAWG/SV_graph.dataset4/page_45_part_4.png
46	1	/Volumes/T7-shield/CS-Bachelor-Thesis/CNN_model/SV_graph.PCAWG/SV_graph.dataset4/page_46_part_1.png
46	2	/Volumes/T7-shield/CS-Bachelor-Thesis/CNN_model/SV_graph.PCAWG/SV_graph.dataset4/page_46_part_2.png
46	3	/Volumes/T7-shield/CS-Bachelor-Thesis/CNN_model/SV_graph.PCAWG/SV_graph.dataset4/page_46_part_3.png
46	4	/Volumes/T7-shield/CS-Bachelor-Thesis/CNN_model/SV_graph.PCAWG/SV_graph.dataset4/page_46_part_4.png
47	1	/Volumes/T7-shield/CS-Bachelor-Thesis/CNN_model/SV_graph.PCAWG/SV_graph.dataset4/page_47_part_1.png
47	2	/Volumes/T7-shield/CS-Bachelor-Thesis/CNN_model/SV_graph.PCAWG/SV_graph.dataset4/page_47_part_2.png
47	3	/Volumes/T7-shield/CS-Bachelor-Thesis/CNN_model/SV_graph.PCAWG/SV_graph.dataset4/page_47_part_3.png
47	4	/Volumes/T7-shield/CS-Bachelor-Thesis/CNN_model/SV_graph.PCAWG/SV_graph.dataset4/page_47_part_4.png
48	1	/Volumes/T7-shield/CS-Bachelor-Thesis/CNN_model/SV_graph.PCAWG/SV_graph.dataset4/page_48_part_1.png
48	2	/Volumes/T7-shield/CS-Bachelor-Thesis/CNN_model/SV_graph.PCAWG/SV_graph.dataset4/page_48_part_2.png
48	3	/Volumes/T7-shield/CS-Bachelor-Thesis/CNN_model/SV_graph.PCAWG/SV_graph.dataset4/page_48_part_3.png
48	4	/Volumes/T7-shield/CS-Bachelor-Thesis/CNN_model/SV_graph.PCAWG/SV_graph.dataset4/page_48_part_4.png
49	1	/Volumes/T7-shield/CS-Bachelor-Thesis/CNN_model/SV_graph.PCAWG/SV_graph.dataset4/page_49_part_1.png
49	2	/Volumes/T7-shield/CS-Bachelor-Thesis/CNN_model/SV_graph.PCAWG/SV_graph.dataset4/page_49_part_2.png
49	3	/Volumes/T7-shield/CS-Bachelor-Thesis/CNN_model/SV_graph.PCAWG/SV_graph.dataset4/page_49_part_3.png
49	4	/Volumes/T7-shield/CS-Bachelor-Thesis/CNN_model/SV_graph.PCAWG/SV_graph.dataset4/page_49_part_4.png
4	1	/Volumes/T7-shield/CS-Bachelor-Thesis/CNN_model/SV_graph.PCAWG/SV_graph.dataset4/page_4_part_1.png
4	2	/Volumes/T7-shield/CS-Bachelor-Thesis/CNN_model/SV_graph.PCAWG/SV_graph.dataset4/page_4_part_2.png
4	3	/Volumes/T7-shield/CS-Bachelor-Thesis/CNN_model/SV_graph.PCAWG/SV_graph.dataset4/page_4_part_3.png
4	4	/Volumes/T7-shield/CS-Bachelor-Thesis/CNN_model/SV_graph.PCAWG/SV_graph.dataset4/page_4_part_4.png
50	1	/Volumes/T7-shield/CS-Bachelor-Thesis/CNN_model/SV_graph.PCAWG/SV_graph.dataset4/page_50_part_1.png
50	2	/Volumes/T7-shield/CS-Bachelor-Thesis/CNN_model/SV_graph.PCAWG/SV_graph.dataset4/page_50_part_2.png
50	3	/Volumes/T7-shield/CS-Bachelor-Thesis/CNN_model/SV_graph.PCAWG/SV_graph.dataset4/page_50_part_3.png
50	4	/Volumes/T7-shield/CS-Bachelor-Thesis/CNN_model/SV_graph.PCAWG/SV_graph.dataset4/page_50_part_4.png
51	1	/Volumes/T7-shield/CS-Bachelor-Thesis/CNN_model/SV_graph.PCAWG/SV_graph.dataset4/page_51_part_1.png
51	2	/Volumes/T7-shield/CS-Bachelor-Thesis/CNN_model/SV_graph.PCAWG/SV_graph.dataset4/page_51_part_2.png
51	3	/Volumes/T7-shield/CS-Bachelor-Thesis/CNN_model/SV_graph.PCAWG/SV_graph.dataset4/page_51_part_3.png
51	4	/Volumes/T7-shield/CS-Bachelor-Thesis/CNN_model/SV_graph.PCAWG/SV_graph.dataset4/page_51_part_4.png
52	1	/Volumes/T7-shield/CS-Bachelor-Thesis/CNN_model/SV_graph.PCAWG/SV_graph.dataset4/page_52_part_1.png
52	2	/Volumes/T7-shield/CS-Bachelor-Thesis/CNN_model/SV_graph.PCAWG/SV_graph.dataset4/page_52_part_2.png
52	3	/Volumes/T7-shield/CS-Bachelor-Thesis/CNN_model/SV_graph.PCAWG/SV_graph.dataset4/page_52_part_3.png
52	4	/Volumes/T7-shield/CS-Bachelor-Thesis/CNN_model/SV_graph.PCAWG/SV_graph.dataset4/page_52_part_4.png
53	1	/Volumes/T7-shield/CS-Bachelor-Thesis/CNN_model/SV_graph.PCAWG/SV_graph.dataset4/page_53_part_1.png
53	2	/Volumes/T7-shield/CS-Bachelor-Thesis/CNN_model/SV_graph.PCAWG/SV_graph.dataset4/page_53_part_2.png
53	3	/Volumes/T7-shield/CS-Bachelor-Thesis/CNN_model/SV_graph.PCAWG/SV_graph.dataset4/page_53_part_3.png
53	4	/Volumes/T7-shield/CS-Bachelor-Thesis/CNN_model/SV_graph.PCAWG/SV_graph.dataset4/page_53_part_4.png
54	1	/Volumes/T7-shield/CS-Bachelor-Thesis/CNN_model/SV_graph.PCAWG/SV_graph.dataset4/page_54_part_1.png
54	2	/Volumes/T7-shield/CS-Bachelor-Thesis/CNN_model/SV_graph.PCAWG/SV_graph.dataset4/page_54_part_2.png
54	3	/Volumes/T7-shield/CS-Bachelor-Thesis/CNN_model/SV_graph.PCAWG/SV_graph.dataset4/page_54_part_3.png
54	4	/Volumes/T7-shield/CS-Bachelor-Thesis/CNN_model/SV_graph.PCAWG/SV_graph.dataset4/page_54_part_4.png
55	1	/Volumes/T7-shield/CS-Bachelor-Thesis/CNN_model/SV_graph.PCAWG/SV_graph.dataset4/page_55_part_1.png
55	2	/Volumes/T7-shield/CS-Bachelor-Thesis/CNN_model/SV_graph.PCAWG/SV_graph.dataset4/page_55_part_2.png
55	3	/Volumes/T7-shield/CS-Bachelor-Thesis/CNN_model/SV_graph.PCAWG/SV_graph.dataset4/page_55_part_3.png
55	4	/Volumes/T7-shield/CS-Bachelor-Thesis/CNN_model/SV_graph.PCAWG/SV_graph.dataset4/page_55_part_4.png
56	1	/Volumes/T7-shield/CS-Bachelor-Thesis/CNN_model/SV_graph.PCAWG/SV_graph.dataset4/page_56_part_1.png
56	2	/Volumes/T7-shield/CS-Bachelor-Thesis/CNN_model/SV_graph.PCAWG/SV_graph.dataset4/page_56_part_2.png
56	3	/Volumes/T7-shield/CS-Bachelor-Thesis/CNN_model/SV_graph.PCAWG/SV_graph.dataset4/page_56_part_3.png
56	4	/Volumes/T7-shield/CS-Bachelor-Thesis/CNN_model/SV_graph.PCAWG/SV_graph.dataset4/page_56_part_4.png
57	1	/Volumes/T7-shield/CS-Bachelor-Thesis/CNN_model/SV_graph.PCAWG/SV_graph.dataset4/page_57_part_1.png
57	2	/Volumes/T7-shield/CS-Bachelor-Thesis/CNN_model/SV_graph.PCAWG/SV_graph.dataset4/page_57_part_2.png
57	3	/Volumes/T7-shield/CS-Bachelor-Thesis/CNN_model/SV_graph.PCAWG/SV_graph.dataset4/page_57_part_3.png
57	4	/Volumes/T7-shield/CS-Bachelor-Thesis/CNN_model/SV_graph.PCAWG/SV_graph.dataset4/page_57_part_4.png
58	1	/Volumes/T7-shield/CS-Bachelor-Thesis/CNN_model/SV_graph.PCAWG/SV_graph.dataset4/page_58_part_1.png
58	2	/Volumes/T7-shield/CS-Bachelor-Thesis/CNN_model/SV_graph.PCAWG/SV_graph.dataset4/page_58_part_2.png
58	3	/Volumes/T7-shield/CS-Bachelor-Thesis/CNN_model/SV_graph.PCAWG/SV_graph.dataset4/page_58_part_3.png
58	4	/Volumes/T7-shield/CS-Bachelor-Thesis/CNN_model/SV_graph.PCAWG/SV_graph.dataset4/page_58_part_4.png
59	1	/Volumes/T7-shield/CS-Bachelor-Thesis/CNN_model/SV_graph.PCAWG/SV_graph.dataset4/page_59_part_1.png
59	2	/Volumes/T7-shield/CS-Bachelor-Thesis/CNN_model/SV_graph.PCAWG/SV_graph.dataset4/page_59_part_2.png
59	3	/Volumes/T7-shield/CS-Bachelor-Thesis/CNN_model/SV_graph.PCAWG/SV_graph.dataset4/page_59_part_3.png
59	4	/Volumes/T7-shield/CS-Bachelor-Thesis/CNN_model/SV_graph.PCAWG/SV_graph.dataset4/page_59_part_4.png
5	1	/Volumes/T7-shield/CS-Bachelor-Thesis/CNN_model/SV_graph.PCAWG/SV_graph.dataset4/page_5_part_1.png
5	2	/Volumes/T7-shield/CS-Bachelor-Thesis/CNN_model/SV_graph.PCAWG/SV_graph.dataset4/page_5_part_2.png
5	3	/Volumes/T7-shield/CS-Bachelor-Thesis/CNN_model/SV_graph.PCAWG/SV_graph.dataset4/page_5_part_3.png
5	4	/Volumes/T7-shield/CS-Bachelor-Thesis/CNN_model/SV_graph.PCAWG/SV_graph.dataset4/page_5_part_4.png
60	1	/Volumes/T7-shield/CS-Bachelor-Thesis/CNN_model/SV_graph.PCAWG/SV_graph.dataset4/page_60_part_1.png
60	2	/Volumes/T7-shield/CS-Bachelor-Thesis/CNN_model/SV_graph.PCAWG/SV_graph.dataset4/page_60_part_2.png
60	3	/Volumes/T7-shield/CS-Bachelor-Thesis/CNN_model/SV_graph.PCAWG/SV_graph.dataset4/page_60_part_3.png
60	4	/Volumes/T7-shield/CS-Bachelor-Thesis/CNN_model/SV_graph.PCAWG/SV_graph.dataset4/page_60_part_4.png
61	1	/Volumes/T7-shield/CS-Bachelor-Thesis/CNN_model/SV_graph.PCAWG/SV_graph.dataset4/page_61_part_1.png
61	2	/Volumes/T7-shield/CS-Bachelor-Thesis/CNN_model/SV_graph.PCAWG/SV_graph.dataset4/page_61_part_2.png
61	3	/Volumes/T7-shield/CS-Bachelor-Thesis/CNN_model/SV_graph.PCAWG/SV_graph.dataset4/page_61_part_3.png
61	4	/Volumes/T7-shield/CS-Bachelor-Thesis/CNN_model/SV_graph.PCAWG/SV_graph.dataset4/page_61_part_4.png
62	1	/Volumes/T7-shield/CS-Bachelor-Thesis/CNN_model/SV_graph.PCAWG/SV_graph.dataset4/page_62_part_1.png
62	2	/Volumes/T7-shield/CS-Bachelor-Thesis/CNN_model/SV_graph.PCAWG/SV_graph.dataset4/page_62_part_2.png
62	3	/Volumes/T7-shield/CS-Bachelor-Thesis/CNN_model/SV_graph.PCAWG/SV_graph.dataset4/page_62_part_3.png
62	4	/Volumes/T7-shield/CS-Bachelor-Thesis/CNN_model/SV_graph.PCAWG/SV_graph.dataset4/page_62_part_4.png
63	1	/Volumes/T7-shield/CS-Bachelor-Thesis/CNN_model/SV_graph.PCAWG/SV_graph.dataset4/page_63_part_1.png
63	2	/Volumes/T7-shield/CS-Bachelor-Thesis/CNN_model/SV_graph.PCAWG/SV_graph.dataset4/page_63_part_2.png
63	3	/Volumes/T7-shield/CS-Bachelor-Thesis/CNN_model/SV_graph.PCAWG/SV_graph.dataset4/page_63_part_3.png
63	4	/Volumes/T7-shield/CS-Bachelor-Thesis/CNN_model/SV_graph.PCAWG/SV_graph.dataset4/page_63_part_4.png
64	1	/Volumes/T7-shield/CS-Bachelor-Thesis/CNN_model/SV_graph.PCAWG/SV_graph.dataset4/page_64_part_1.png
64	2	/Volumes/T7-shield/CS-Bachelor-Thesis/CNN_model/SV_graph.PCAWG/SV_graph.dataset4/page_64_part_2.png
64	3	/Volumes/T7-shield/CS-Bachelor-Thesis/CNN_model/SV_graph.PCAWG/SV_graph.dataset4/page_64_part_3.png
64	4	/Volumes/T7-shield/CS-Bachelor-Thesis/CNN_model/SV_graph.PCAWG/SV_graph.dataset4/page_64_part_4.png
65	1	/Volumes/T7-shield/CS-Bachelor-Thesis/CNN_model/SV_graph.PCAWG/SV_graph.dataset4/page_65_part_1.png
65	2	/Volumes/T7-shield/CS-Bachelor-Thesis/CNN_model/SV_graph.PCAWG/SV_graph.dataset4/page_65_part_2.png
65	3	/Volumes/T7-shield/CS-Bachelor-Thesis/CNN_model/SV_graph.PCAWG/SV_graph.dataset4/page_65_part_3.png
65	4	/Volumes/T7-shield/CS-Bachelor-Thesis/CNN_model/SV_graph.PCAWG/SV_graph.dataset4/page_65_part_4.png
66	1	/Volumes/T7-shield/CS-Bachelor-Thesis/CNN_model/SV_graph.PCAWG/SV_graph.dataset4/page_66_part_1.png
66	2	/Volumes/T7-shield/CS-Bachelor-Thesis/CNN_model/SV_graph.PCAWG/SV_graph.dataset4/page_66_part_2.png
66	3	/Volumes/T7-shield/CS-Bachelor-Thesis/CNN_model/SV_graph.PCAWG/SV_graph.dataset4/page_66_part_3.png
66	4	/Volumes/T7-shield/CS-Bachelor-Thesis/CNN_model/SV_graph.PCAWG/SV_graph.dataset4/page_66_part_4.png
6	1	/Volumes/T7-shield/CS-Bachelor-Thesis/CNN_model/SV_graph.PCAWG/SV_graph.dataset4/page_6_part_1.png
6	2	/Volumes/T7-shield/CS-Bachelor-Thesis/CNN_model/SV_graph.PCAWG/SV_graph.dataset4/page_6_part_2.png
6	3	/Volumes/T7-shield/CS-Bachelor-Thesis/CNN_model/SV_graph.PCAWG/SV_graph.dataset4/page_6_part_3.png
6	4	/Volumes/T7-shield/CS-Bachelor-Thesis/CNN_model/SV_graph.PCAWG/SV_graph.dataset4/page_6_part_4.png
7	1	/Volumes/T7-shield/CS-Bachelor-Thesis/CNN_model/SV_graph.PCAWG/SV_graph.dataset4/page_7_part_1.png
7	2	/Volumes/T7-shield/CS-Bachelor-Thesis/CNN_model/SV_graph.PCAWG/SV_graph.dataset4/page_7_part_2.png
7	3	/Volumes/T7-shield/CS-Bachelor-Thesis/CNN_model/SV_graph.PCAWG/SV_graph.dataset4/page_7_part_3.png
7	4	/Volumes/T7-shield/CS-Bachelor-Thesis/CNN_model/SV_graph.PCAWG/SV_graph.dataset4/page_7_part_4.png
8	1	/Volumes/T7-shield/CS-Bachelor-Thesis/CNN_model/SV_graph.PCAWG/SV_graph.dataset4/page_8_part_1.png
8	2	/Volumes/T7-shield/CS-Bachelor-Thesis/CNN_model/SV_graph.PCAWG/SV_graph.dataset4/page_8_part_2.png
8	3	/Volumes/T7-shield/CS-Bachelor-Thesis/CNN_model/SV_graph.PCAWG/SV_graph.dataset4/page_8_part_3.png
8	4	/Volumes/T7-shield/CS-Bachelor-Thesis/CNN_model/SV_graph.PCAWG/SV_graph.dataset4/page_8_part_4.png
9	1	/Volumes/T7-shield/CS-Bachelor-Thesis/CNN_model/SV_graph.PCAWG/SV_graph.dataset4/page_9_part_1.png
9	2	/Volumes/T7-shield/CS-Bachelor-Thesis/CNN_model/SV_graph.PCAWG/SV_graph.dataset4/page_9_part_2.png
9	3	/Volumes/T7-shield/CS-Bachelor-Thesis/CNN_model/SV_graph.PCAWG/SV_graph.dataset4/page_9_part_3.png
9	4	/Volumes/T7-shield/CS-Bachelor-Thesis/CNN_model/SV_graph.PCAWG/SV_graph.dataset4/page_9_part_4.png
